,extraction_date,round,name,club,position,fantasy_value,fantasy_position_group,minutes,man_of_match,meters_carried,defenders_beaten,offloads,tries,assists,conversions,penalties,drop_goals,scrum_wins,kick_50_22,tackles,breakdown_steals,lineout_steals,penalties_conceded,yellow_cards,red_cards,points,,
0,10/02/2025,2,L. Cannone,Italy,Back Row,14.4,Back-row,80,1,104,7,,,,,,,3,,17,2,,2,,,67,,
1,10/02/2025,2,L. Bielle-Biarrey,France,Back Three,15.9,Back Three,80,,110,4,2,2,1,,,,,,9,,,,,,56,,
2,10/02/2025,2,C. Doris,Ireland,Back Row,17.9,Back-row,80,,80,1,,1,,,,,7,,17,1,,1,,,53,,
3,10/02/2025,2,S. Prendergast,Ireland,Fly-Half,12.2,Fly-half,80,1,22,2,,,1,3,2,,,,9,,,,,,46,,
4,10/02/2025,2,F. Smith,England,Fly-Half,9.4,Fly-half,80,1,15,1,,,2,2,,,,,9,,,,,,39,,
5,10/02/2025,2,B. Kinghorn,Scotland,Back Three,17.4,Back Three,80,,159,4,3,,,1,2,,,,1,,,,,,38,,
6,10/02/2025,2,D. Penaud,France,Back Three,18.6,Back Three,80,,106,6,,1,1,,,,,,2,,,1,,,37,,
7,10/02/2025,2,T. Freeman,England,Back Three,14.5,Back Three,80,,58,4,3,1,1,,,,,,4,,,1,,,36,,
8,10/02/2025,2,T. Ramos,France,Back Three,19.4,Back Three,80,,162,3,2,,,2,2,,,,,,,2,,,34,,
9,10/02/2025,2,J. van der Flier,Ireland,Back Row,15.2,Back-row,80,,30,3,,,,,,,7,,19,,,1,,,34,,
10,10/02/2025,2,T. Curry,England,Back Row,15.2,Back-row,80,,42,3,1,,,,,,6,,11,1,,,,,34,,
11,10/02/2025,2,T. Willis,England,Back Row,10,Back-row,53,,37,5,,,,,,,6,,16,,,1,,,34,,
12,10/02/2025,2,B. Earl,England,Back Row,20.2,Back-row,80,,85,4,,,,,,,6,,6,1,,,,,33,,
13,10/02/2025,2,J. Conan,Ireland,Back Row,12.5,Subs,33,,9,,,1,,,,,4,,6,1,,,,,30,,
14,10/02/2025,2,O. Lawrence,England,Centre,15.4,Centre,80,,29,2,,1,,,,,,,7,1,,,,,28,,
15,10/02/2025,2,R. Henshaw,Ireland,Centre,13.9,Centre,80,,71,2,,,1,,,,,,13,,,,,,28,,
16,10/02/2025,2,G. Alldritt,France,Back Row,19.1,Back-row,80,,106,1,1,,,,,,5,,8,,,,,,27,,
17,10/02/2025,2,D. van der Merwe,Scotland,Back Three,19,Back Three,70,,65,5,,1,,,,,,,6,,,1,1,,26,,
18,10/02/2025,2,J. Lowe,Ireland,Back Three,18.4,Back Three,80,,63,2,1,1,,,,,,,3,,,,,,25,,
19,10/02/2025,2,T. Beirne,Ireland,Second Row,17.6,Second-row,71,,15,1,,,,,,,7,,12,1,,2,,,25,,
20,10/02/2025,2,T. Faletau,Wales,Back Row,12.7,Back-row,80,,73,1,1,,,,,,1,,16,,,3,,,25,,
21,10/02/2025,2,H. Jones,Scotland,Centre,17.9,Centre,80,,59,3,,,,,,,,,3,2,,,,,24,,
22,10/02/2025,2,R. Darge,Scotland,Back Row,15.3,Back-row,80,,13,,2,,,,,,5,,15,,,1,,,24,,
23,10/02/2025,2,M. Jalibert,France,Fly-Half,14.7,Fly-half,66,,98,3,2,,,,,,,,5,,,,,,24,,
24,10/02/2025,2,M. Smith,England,Fly-Half,17.5,Back Three,80,,140,2,,,,1,,,,,3,,,,,,23,,
25,10/02/2025,2,J. Morgan,Wales,Back Row,17.2,Back-row,80,,44,3,,,,,,,1,,13,,,1,,,23,,
26,10/02/2025,2,B. White,Scotland,Scrum-Half,14.1,Scrum-half,80,,12,2,1,1,,,,,,,7,,,1,,,23,,
27,10/02/2025,2,S. Negri,Italy,Back Row,13,Back-row,61,,40,,,,,,,,2,,10,,1,,,,23,,
28,10/02/2025,2,A. Wainwright,Wales,Back Row,16,Subs,23,,40,,,1,,,,,,,3,,,,,,22,,
29,10/02/2025,2,F. Bealham,Ireland,Prop,11,Prop,60,,,,,,,,,,4,,13,1,,,,,22,,
30,10/02/2025,2,M. Itoje,England,Second Row,16.8,Second-row,80,,8,,,,,,,,6,,10,1,,,,,21,,
31,10/02/2025,2,J. Ryan,Ireland,Second Row,12.8,Second-row,65,,7,,,,,,,,5,,11,,1,2,,,21,,
32,10/02/2025,2,F. Baxter,England,Prop,9.2,Subs,28,,22,,,1,,,,,,,5,,,1,,,21,,
33,10/02/2025,2,J. Dempsey,Scotland,Back Row,16.4,Back-row,60,,47,2,,,,,,,3,,9,,,,,,20,,
34,10/02/2025,2,T. Allan,Italy,Fly-Half,11.4,Back Three,74,,29,,,,,1,5,,,,2,,,1,,,20,,
35,10/02/2025,2,B. Murray,Wales,Back Three,11,Subs,80,,50,6,1,,,,,,,,1,,,,,,20,,
36,10/02/2025,2,P. Garbisi,Italy,Fly-Half,17.4,Fly-half,70,,34,2,,,1,,,,,,8,,,,,,19,,
37,10/02/2025,2,F. Cros,France,Back Row,16.1,Back-row,80,,18,,,,,,,,5,,13,,,,,,19,,
38,10/02/2025,2,G. Martin,England,Second Row,13,Second-row,61,,15,,,,,,,,6,,12,,,,,,19,,
39,10/02/2025,2,A. Porter,Ireland,Prop,15.3,Prop,69,,15,,,,,,,,5,,12,,,,,,18,,
40,10/02/2025,2,E. Genge,England,Prop,13.9,Prop,52,,11,,1,,,,,,6,,11,,,2,,,18,,
41,10/02/2025,2,O. Sleightholme,England,Back Three,13.7,Back Three,80,,50,5,,,,,,,,,3,,,,,,18,,
42,10/02/2025,2,D. Fischetti,Italy,Prop,12.8,Prop,66,,23,1,,,,,,,3,,11,,,,,,18,,
43,10/02/2025,2,P. O'Mahony,Ireland,Back Row,10.8,Back-row,52,,37,,,,,,,,3,,7,1,,,,,18,,
44,10/02/2025,2,S. McDowall,Scotland,Centre,8,Subs,59,,29,1,1,,1,,,,,,8,,,,,,18,,
45,10/02/2025,2,M. Lamaro,Italy,Back Row,15.3,Back-row,66,,7,,,,,,,,3,,9,1,,,,,17,,
46,10/02/2025,2,P. Mauvaka,France,Hooker,15.1,Hooker,56,,25,1,,,,,,,4,,4,1,,,,,17,,
47,10/02/2025,2,M. Fagerson,Scotland,Back Row,14,Back-row,80,,32,3,,,,,,,5,,6,,,3,,,17,,
48,10/02/2025,2,E. Daly,England,Back Three,11.7,Subs,4,,33,2,,1,,,,,,,,,,,,,17,,
49,10/02/2025,2,Y. Moefana,France,Centre,12.4,Centre,80,,46,1,,,1,,,,,,7,,,,,,17,,
50,10/02/2025,2,E. Meafou,France,Second Row,11.6,Second-row,66,,41,,,,,,,,5,,8,,,,,,17,,
51,10/02/2025,2,A. Roumat,France,Second Row,11,Second-row,50,,21,1,,,,,,,4,,2,,1,,,,17,,
52,10/02/2025,2,D. Cherry,Scotland,Hooker,9.6,Hooker,47,,4,,,,,,,,2,,4,2,,,,,16,,
53,10/02/2025,2,F. Thomas,Wales,Second Row,8.9,Subs,80,,16,,,,,,,,1,,9,,1,2,,,16,,
54,10/02/2025,2,Z. Fagerson,Scotland,Prop,14.1,Prop,68,,43,,,,,,,,5,,6,,,,,,15,,
55,10/02/2025,2,N. Cannone,Italy,Second Row,13,Second-row,80,,15,,,,,,,,3,,11,,,,,,15,,
56,10/02/2025,2,L. Cowan-Dickie,England,Hooker,12.3,Hooker,61,,12,,,,,,,,6,,8,,,,,,15,,
57,10/02/2025,2,C. Nash,Ireland,Back Three,,,65,,20,,,1,,,,,,,4,,,1,,,15,,
58,10/02/2025,2,J. Gray,Scotland,Second Row,10.4,Second-row,47,,15,,1,,,,,,2,,3,,1,,,,15,,
59,10/02/2025,2,A. Capuozzo,Italy,Back Three,15.7,Back Three,80,,,,,1,,,,,,,5,,,1,,,14,,
60,10/02/2025,2,J. Dobie,Scotland,Scrum-Half,10.8,Subs,59,,15,2,,,,,,,,,4,1,,,,,14,,
61,10/02/2025,2,J. Gros,France,Prop,10.6,Prop,56,,24,1,,,,,,,4,,6,,,,,,14,,
62,10/02/2025,2,M. Page-Relo,Italy,Scrum-Half,9.7,Scrum-half,69,,29,2,,,,,,,,1,1,,,,,,14,,
63,10/02/2025,2,A. Dupont,France,Scrum-Half,20.4,Scrum-half,80,,49,2,,,,,,,,,6,,,1,,,13,,
64,10/02/2025,2,P. Barassi,France,Centre,12.5,Centre,80,,55,,1,,,,,,,,6,,,,,,13,,
65,10/02/2025,2,G. Nicotera,Italy,Hooker,13.4,Hooker,52,,,,,,,,,,2,,11,,,1,,,12,,
66,10/02/2025,2,J. Botham,Wales,Back Row,11.4,Back-row,57,,27,,,,,,,,1,,4,1,,,,,12,,
67,10/02/2025,2,J. Ritchie,Scotland,Back Row,12.1,Subs,20,,16,,,,,,,,2,,3,1,,,,,11,,
68,10/02/2025,2,T. Jordan,Scotland,Fly-Half,11.3,Centre,80,,34,,1,,,,,,,,6,,,,,,11,,
69,10/02/2025,2,W. Stuart,England,Prop,9.2,Prop,58,,,,,,,,,,6,,5,,,,,,11,,
70,10/02/2025,2,D. Sheehan,Ireland,Hooker,18.4,Subs,40,,2,,,,,,,,4,,7,,,1,,,10,,
71,10/02/2025,2,H. Keenan,Ireland,Back Three,13.7,Back Three,80,,25,1,,,1,,,,,,2,,,,,,10,,
72,10/02/2025,2,J. Gibson-Park,Ireland,Scrum-Half,17,Scrum-half,69,,7,,,,1,,,,,,5,,,,,,9,,
73,10/02/2025,2,F. Ruzza,Italy,Second Row,13.9,Second-row,61,,6,1,,,,,,,2,,5,,,,,,9,,
74,10/02/2025,2,A. Mitchell,England,Scrum-Half,13.8,Scrum-half,80,,59,1,,,,,,,,,2,,,,,,9,,
75,10/02/2025,2,P. Schoeman,Scotland,Prop,12.9,Subs,33,,32,2,,,,,,,3,,,,,1,,,9,,
76,10/02/2025,2,P. Boudehent,France,Back Row,12.9,Back-row,50,,25,,,,,,,,4,,4,,,1,,,9,,
77,10/02/2025,2,R. Baird,Ireland,Back Row,12.4,Subs,19,,14,1,,,,,,,2,,4,,,,,,9,,
78,10/02/2025,2,G. Gilchrist,Scotland,Second Row,11.5,Second-row,68,,14,,,,,,,,5,,3,,,,,,9,,
79,10/02/2025,2,M. Zuliani,Italy,Back Row,10.4,Subs,14,,,,,,,,,,,,4,1,,,,,9,,
80,10/02/2025,2,S. Ferrari,Italy,Prop,9.7,Prop,52,,4,,,,,,,,2,,7,,,,,,9,,
81,10/02/2025,2,M. Ioane,Italy,Back Three,15.8,Back Three,80,,31,1,,,,,,,,,3,,,,,,8,,
82,10/02/2025,2,T. Menoncello,Italy,Centre,15.8,Centre,80,,10,,,,,,,,,,8,,,1,,,8,,
83,10/02/2025,2,E. Ashman,Scotland,Hooker,13.4,Subs,33,,19,1,,,,,,,3,,2,,,,,,8,,
84,10/02/2025,2,R. Kelleher,Ireland,Hooker,13.4,Hooker,41,,,,,,,,,,3,,5,,,,,,8,,
85,10/02/2025,2,E. Dee,Wales,Hooker,12.4,Subs,35,,24,,,,,,,,,,6,,,,,,8,,
86,10/02/2025,2,D. Edwards,Wales,Fly-Half,11,Subs,32,,29,3,,,,,,,,,,,,,,,8,,
87,10/02/2025,2,U. Atonio,France,Prop,11.1,Prop,56,,15,,1,,,,,,4,,2,,,1,,,8,,
88,10/02/2025,2,W. Rowlands,Wales,Second Row,10.9,Second-row,57,,33,,,,,,,,1,,5,,,1,,,8,,
89,10/02/2025,2,O. Jegou,France,Back Row,10.1,Subs,30,,22,1,,,,,,,1,,3,,,,,,8,,
90,10/02/2025,2,R. Sutherland,Scotland,Prop,9.3,Prop,47,,25,,,,,,,,2,,4,,,,,,8,,
91,10/02/2025,2,E. Lloyd,Wales,Hooker,8.2,Hooker,45,,27,1,1,,,,,,1,,2,,,1,,,8,,
92,10/02/2025,2,G. Lucchesi,Italy,Hooker,13.2,Subs,28,,8,1,,,,,,,1,,4,,,,,,7,,
93,10/02/2025,2,C. Baille,France,Prop,13,Subs,24,,6,,,,,,,,1,,6,,,,,,7,,
94,10/02/2025,2,R. Vintcent,Italy,Back Row,12,Subs,19,,2,,,,,,,,1,,6,,,,,,7,,
95,10/02/2025,2,G. Thomas,Wales,Prop,11.5,Prop,45,,5,,,,,,,,1,,6,,,,,,7,,
96,10/02/2025,2,G. Colombe,France,Prop,10.1,Subs,24,,3,1,,,,,,,1,,5,,,1,,,7,,
97,10/02/2025,2,E. James,Wales,Centre,8.8,Centre,80,,46,,,,,,,,,,3,,,,,,7,,
98,10/02/2025,2,B. Aki,Ireland,Centre,15.7,Centre,57,,18,,,,,,,,,,7,,,2,,,6,,
99,10/02/2025,2,H. Slade,England,Centre,12,Centre,76,,36,,,,,,,,,,3,,,,,,6,,
100,10/02/2025,2,T. Rogers,Wales,Back Three,11,Back Three,61,,,1,,,,,,,,,5,,,1,,,6,,
101,10/02/2025,2,C. Healy,Ireland,Prop,9.1,Subs,11,,6,,1,,,,,,2,,2,,,,,,6,,
102,10/02/2025,2,T. Clarkson,Ireland,Prop,7,Subs,20,,,,,,,,,,3,,3,,,,,,6,,
103,10/02/2025,2,D. Graham,Scotland,Back Three,17,Back Three,21,,15,,,,,,,,,,4,,,,,,5,,
104,10/02/2025,2,J. Brex,Italy,Centre,14.3,Centre,80,,14,,,,,,,,,,4,,,,,,5,,
105,10/02/2025,2,O. Chessum,England,Second Row,13.1,Subs,19,,18,1,,,,,,,,,2,,,,,,5,,
106,10/02/2025,2,B. Thomas,Wales,Centre,13.1,Fly-half,48,,7,1,,,,,1,,,,1,,,1,,,5,,
107,10/02/2025,2,H. Auradou,France,Second Row,8.2,Subs,30,,4,,,,,,,,1,,5,,,1,,,5,,
108,10/02/2025,2,J. Marchand,France,Hooker,13.8,Subs,24,,5,,,,,,,,1,,3,,,,,,4,,
109,10/02/2025,2,J. Heyes,England,Prop,8,Subs,22,,,,,,,,,,,,4,,,,,,4,,
110,10/02/2025,2,G. Brown,Scotland,Back Row,7.7,Subs,33,,9,,,,,,,,3,,2,,,1,,,4,,
111,10/02/2025,2,J. George,England,Hooker,14.7,Subs,19,,18,1,,,,,,,,,,,,,,,3,,
112,10/02/2025,2,T. Williams,Wales,Scrum-Half,14.7,Scrum-half,67,,2,1,,,,,,,,,1,,,,,,3,,
113,10/02/2025,2,C. Murray,Ireland,Scrum-Half,11,Subs,11,,,1,,,,,,,,,1,,,,,,3,,
114,10/02/2025,2,J. Trulla,Italy,Back Three,10.8,Subs,16,,,,,,,,,,,,3,,,,,,3,,
115,10/02/2025,2,T. Williams,Wales,Second Row,,,23,,23,,,,,,,,,,1,,,,,,3,,
116,10/02/2025,2,M. Guillard,France,Second Row,8.5,Subs,14,,,,,,,,,,,,3,,,,,,3,,
117,10/02/2025,2,K. Assiratti,Wales,Prop,8.1,Subs,35,,9,,,,,,,,,,4,,,1,,,3,,
118,10/02/2025,2,H. Thomas,Wales,Prop,7.7,Prop,45,,15,,,,,,,,1,,3,,,2,,,3,,
119,10/02/2025,2,L. Rizzoli,Italy,Prop,7.2,Subs,14,,4,,,,,,,,,,4,,,1,,,3,,
120,10/02/2025,2,G. Ringrose,Ireland,Centre,13.9,Subs,23,,,,,,,,,,,,2,,,,,,2,,
121,10/02/2025,2,B. Curry,England,Back Row,13.2,Subs,27,,4,,,,,,,,,,2,,,,,,2,,
122,10/02/2025,2,N. Tompkins,Wales,Centre,13.1,Centre,69,,16,,,,,,,,,,1,,,,,,2,,
123,10/02/2025,2,J. Adams,Wales,Back Three,12.5,Back Three,70,,24,3,,,,,,,,,,,,1,1,,2,,
124,10/02/2025,2,S. Skinner,Scotland,Second Row,10,Subs,12,,,,,,,,,,,,2,,,,,,2,,
125,10/02/2025,2,N. Smith,Wales,Prop,7.4,Subs,35,,18,,,,,,,,,,1,,,,,,2,,
126,10/02/2025,2,F. Russell,Scotland,Fly-Half,19.5,Fly-half,21,,2,,,,,,,,,,1,,,,,,1,,
127,10/02/2025,2,N. Le Garrec,France,Scrum-Half,12,Subs,14,,1,,,,,,,,,,1,,,,,,1,,
128,10/02/2025,2,J. Hathaway,Wales,Back Three,,,30,,4,,,,,,,,,,1,,,,,,1,,
129,10/02/2025,2,A. Garbisi,Italy,Scrum-Half,8,Subs,11,,,,,,,,,,,,1,,,,,,1,,
130,10/02/2025,2,J. Crowley,Ireland,Fly-Half,14,Subs,15,,9,,,,,,,,,,,,,,,,,,
131,10/02/2025,2,R. Williams,Wales,Scrum-Half,9,Subs,13,,3,,,,,,,,,,,,,,,,,,
132,10/02/2025,2,M. Riccioni,Italy,Prop,8.2,Subs,25,,,,,,,,,,1,,6,,,2,1,,,,
133,10/02/2025,2,W. Hurd,Scotland,Prop,7.2,Subs,12,,2,,,,,,,,,,,,,1,,,-1,,
134,10/02/2025,2,D. Lamb,Italy,Second Row,8.5,Subs,17,,,,,,,,,,1,,4,,,2,1,,-2,,
135,10/02/2025,2,T. Reffell,Wales,Back Row,,,,,,,,,,,,,,,,,,,,,,,
136,10/02/2025,2,R. Ntamack,France,Fly-Half,,,,,,,,,,,,,,,,,,,,,,,
137,10/02/2025,2,D. Jenkins,Wales,Second Row,15.6,Second-row,,,,,,,,,,,,,,,,,,,,,
138,10/02/2025,2,M. Hansen,Ireland,Back Three,14.1,Back Three,,,,,,,,,,,,,,,,,,,,,
139,10/02/2025,2,G. Ford,England,Fly-Half,,,,,,,,,,,,,,,,,,,,,,,
140,10/02/2025,2,G. Ford,England,Fly-Half,,,,,,,,,,,,,,,,,,,,,,,
141,10/02/2025,2,N. Depoortere,France,Centre,,,,,,,,,,,,,,,,,,,,,,,
142,10/02/2025,2,J. McCarthy,Ireland,Second Row,,,,,,,,,,,,,,,,,,,,,,,
143,10/02/2025,2,C. Cunningham-South,England,Back Row,13,Subs,,,,,,,,,,,,,,,,,,,,,
144,10/02/2025,2,G. Villiere,France,Back Three,,,,,,,,,,,,,,,,,,,,,,,
145,10/02/2025,2,T. Attissogbe,France,Back Three,,,,,,,,,,,,,,,,,,,,,,,
146,10/02/2025,2,H. Randall,England,Scrum-Half,11.9,Subs,,,,,,,,,,,,,,,,,,,,,
147,10/02/2025,2,E. Gailleton,France,Centre,12,Subs,,,,,,,,,,,,,,,,,,,,,
148,10/02/2025,2,F. Steward,England,Back Three,,,,,,,,,,,,,,,,,,,,,,,
149,10/02/2025,2,T. Furlong,Ireland,Prop,,,,,,,,,,,,,,,,,,,,,,,
150,10/02/2025,2,C. Murley,England,Back Three,,,,,,,,,,,,,,,,,,,,,,,
151,10/02/2025,2,S. Gesi,Italy,Back Three,,,,,,,,,,,,,,,,,,,,,,,
152,10/02/2025,2,E. Bevan,Wales,Scrum-Half,,,,,,,,,,,,,,,,,,,,,,,
153,10/02/2025,2,C. Tshiunza,Wales,Second Row,,,,,,,,,,,,,,,,,,,,,,,
154,10/02/2025,2,E. Mee,Wales,Back Three,,,,,,,,,,,,,,,,,,,,,,,
155,10/02/2025,2,J. O'Brien,Ireland,Back Three,,,,,,,,,,,,,,,,,,,,,,,
156,10/02/2025,2,M. Lucu,France,Scrum-Half,,,,,,,,,,,,,,,,,,,,,,,
157,10/02/2025,2,A. Frisch,France,Centre,,,,,,,,,,,,,,,,,,,,,,,
158,10/02/2025,2,F. Dingwall,England,Centre,,,,,,,,,,,,,,,,,,,,,,,
159,10/02/2025,2,T. Roebuck,England,Back Three,,,,,,,,,,,,,,,,,,,,,,,
160,10/02/2025,2,S. Varney,Italy,Scrum-Half,,,,,,,,,,,,,,,,,,,,,,,
161,10/02/2025,2,M. Gallagher,Italy,Back Three,,,,,,,,,,,,,,,,,,,,,,,
162,10/02/2025,2,T. Dan,England,Hooker,,,,,,,,,,,,,,,,,,,,,,,
163,10/02/2025,2,I. Henderson,Ireland,Second Row,,,,,,,,,,,,,,,,,,,,,,,
164,10/02/2025,2,O. Watkin,Wales,Centre,,,,,,,,,,,,,,,,,,,,,,,
165,10/02/2025,2,K. Rowe,Scotland,Back Three,,,,,,,,,,,,,,,,,,,,,,,
166,10/02/2025,2,G. Horne,Scotland,Scrum-Half,,,,,,,,,,,,,,,,,,,,,,,
167,10/02/2025,2,O. Smith,Scotland,Centre,,,,,,,,,,,,,,,,,,,,,,,
168,10/02/2025,2,J. Roberts,Wales,Centre,,,,,,,,,,,,,,,,,,,,,,,
169,10/02/2025,2,R. Herring,Ireland,Hooker,,,,,,,,,,,,,,,,,,,,,,,
170,10/02/2025,2,D. Cretin,France,Back Row,,,,,,,,,,,,,,,,,,,,,,,
171,10/02/2025,2,L. Crosbie,Scotland,Back Row,,,,,,,,,,,,,,,,,,,,,,,
172,10/02/2025,2,A. Reed,Scotland,Back Three,,,,,,,,,,,,,,,,,,,,,,,
173,10/02/2025,2,C. Frawley,Ireland,Fly-Half,,,,,,,,,,,,,,,,,,,,,,,
174,10/02/2025,2,F. Burke,Scotland,Fly-Half,,,,,,,,,,,,,,,,,,,,,,,
175,10/02/2025,2,A. Lozowski,England,Centre,,,,,,,,,,,,,,,,,,,,,,,
176,10/02/2025,2,T. Plumtree,Wales,Back Row,,,,,,,,,,,,,,,,,,,,,,,
177,10/02/2025,2,B. Spencer,England,Scrum-Half,,,,,,,,,,,,,,,,,,,,,,,
178,10/02/2025,2,J. Osborne,Ireland,Centre,,,,,,,,,,,,,,,,,,,,,,,
179,10/02/2025,2,G. Zilocchi,Italy,Prop,,,,,,,,,,,,,,,,,,,,,,,
180,10/02/2025,2,L. Marin,Italy,Fly-Half,,,,,,,,,,,,,,,,,,,,,,,
181,10/02/2025,2,O. Beard,England,Centre,,,,,,,,,,,,,,,,,,,,,,,
182,10/02/2025,2,R. Hutchinson,Scotland,Centre,,,,,,,,,,,,,,,,,,,,,,,
183,10/02/2025,2,R. Slimani,France,Prop,,,,,,,,,,,,,,,,,,,,,,,
184,10/02/2025,2,M. Currie,Scotland,Centre,,,,,,,,,,,,,,,,,,,,,,,
185,10/02/2025,2,L. Le Brun,France,Fly-Half,,,,,,,,,,,,,,,,,,,,,,,
186,10/02/2025,2,G. McCarthy,Ireland,Hooker,,,,,,,,,,,,,,,,,,,,,,,
187,10/02/2025,2,C. Tiberghien,France,Back Three,,,,,,,,,,,,,,,,,,,,,,,
188,10/02/2025,2,C. Blade,Ireland,Scrum-Half,,,,,,,,,,,,,,,,,,,,,,,
189,10/02/2025,2,P. Harrison,Scotland,Hooker,,,,,,,,,,,,,,,,,,,,,,,
190,10/02/2025,2,M. Zanon,Italy,Centre,,,,,,,,,,,,,,,,,,,,,,,
191,10/02/2025,2,M. Halagahu,France,Second Row,,,,,,,,,,,,,,,,,,,,,,,
192,10/02/2025,2,B. Rodd,England,Prop,,,,,,,,,,,,,,,,,,,,,,,
193,10/02/2025,2,M. Gazzotti,France,Back Row,,,,,,,,,,,,,,,,,,,,,,,
194,10/02/2025,2,G. Beria,France,Prop,,,,,,,,,,,,,,,,,,,,,,,
195,10/02/2025,2,J. Mann,Scotland,Back Row,,,,,,,,,,,,,,,,,,,,,,,
196,10/02/2025,2,M. Sykes,Scotland,Second Row,,,,,,,,,,,,,,,,,,,,,,,
197,10/02/2025,2,E. Abadie,France,Back Row,,,,,,,,,,,,,,,,,,,,,,,
198,10/02/2025,2,L. Nouchi,France,Back Row,,,,,,,,,,,,,,,,,,,,,,,
199,10/02/2025,2,C. Langdon,England,Hooker,,,,,,,,,,,,,,,,,,,,,,,
200,10/02/2025,2,R. Favretto,Italy,Second Row,,,,,,,,,,,,,,,,,,,,,,,
201,10/02/2025,2,C. Izuchukwu,Ireland,Second Row,,,,,,,,,,,,,,,,,,,,,,,
202,10/02/2025,2,A. Masibaka,Scotland,Back Row,,,,,,,,,,,,,,,,,,,,,,,
203,10/02/2025,2,C. Henderson,Scotland,Second Row,,,,,,,,,,,,,,,,,,,,,,,
204,10/02/2025,2,M. Lamothe,France,Hooker,,,,,,,,,,,,,,,,,,,,,,,
205,10/02/2025,2,C. Prendergast,Ireland,Back Row,,,,,,,,,,,,,,,,,,,,,,,
206,10/02/2025,2,J. Brennan,France,Second Row,,,,,,,,,,,,,,,,,,,,,,,
207,10/02/2025,2,W. John,Wales,Prop,,,,,,,,,,,,,,,,,,,,,,,
208,10/02/2025,2,T. Tatafu,France,Prop,,,,,,,,,,,,,,,,,,,,,,,
209,10/02/2025,2,T. Ahern,Ireland,Second Row,,,,,,,,,,,,,,,,,,,,,,,
210,10/02/2025,2,S. Bolton,Ireland,Back Three,,,,,,,,,,,,,,,,,,,,,,,
211,10/02/2025,2,S. Parry,Wales,Hooker,,,,,,,,,,,,,,,,,,,,,,,
212,10/02/2025,2,T. Hill,England,Second Row,,,,,,,,,,,,,,,,,,,,,,,
213,10/02/2025,2,E. Ferrie,Scotland,Back Row,,,,,,,,,,,,,,,,,,,,,,,
214,10/02/2025,2,M. Canali,Italy,Second Row,,,,,,,,,,,,,,,,,,,,,,,
215,10/02/2025,2,T. Di Bartolomeo,Italy,Hooker,,,,,,,,,,,,,,,,,,,,,,,
216,10/02/2025,2,T. Matiu,France,Back Row,,,,,,,,,,,,,,,,,,,,,,,
217,10/02/2025,2,E. Johnson,Scotland,Second Row,,,,,,,,,,,,,,,,,,,,,,,
218,10/02/2025,2,J. Boyle,Ireland,Prop,,,,,,,,,,,,,,,,,,,,,,,
219,10/02/2025,2,J. Aungier,Ireland,Prop,,,,,,,,,,,,,,,,,,,,,,,
220,10/02/2025,2,K. Mathias,Wales,Prop,,,,,,,,,,,,,,,,,,,,,,,
221,10/02/2025,2,G. Bertaccini,Italy,Centre,,,,,,,,,,,,,,,,,,,,,,,
222,10/02/2025,2,D. Rae,Scotland,Prop,,,,,,,,,,,,,,,,,,,,,,,
223,10/02/2025,2,J. Bhatti,Scotland,Prop,,,,,,,,,,,,,,,,,,,,,,,
224,10/02/2025,2,A. Izekor,Italy,Back Row,,,,,,,,,,,,,,,,,,,,,,,
225,10/02/2025,2,B. Warren,Wales,Prop,,,,,,,,,,,,,,,,,,,,,,,
226,10/02/2025,2,A. Opoku-Fordjour,England,Prop,,,,,,,,,,,,,,,,,,,,,,,
227,10/02/2025,1,G. Alldritt,France,Back Row,17,Back Row,80,1,90,2,1,1,,,,,3,,18,1,,,,,71,,
228,10/02/2025,1,H. Jones,Scotland,Centre,16,Centre,80,1,126,2,,3,,,,,,,5,,,,,,66,,
229,10/02/2025,1,R. Darge,Scotland,Back Row,14,Back Row,80,,53,2,3,1,,,,,5,,12,1,,,,,52,,
230,10/02/2025,1,T. Curry,England,Back Row,14,Back Row,80,,32,1,,1,,,,,2,,13,3,,,,,50,,
231,10/02/2025,1,J. Morgan,Wales,Back Row,16,Back Row,80,,121,3,1,,,,,,8,,21,,,,,,49,,
232,10/02/2025,1,J. Gibson-Park,Ireland,Scrum-Half,16,Scrum-Half,74,1,39,1,1,1,,,,,,,10,,,,,,42,,
233,10/02/2025,1,J. Lowe,Ireland,Back Three,18,Back Three,80,,167,3,1,,3,,,,,,5,,,,,,41,,
234,10/02/2025,1,L. Bielle-Biarrey,France,Back Three,15,Back Three,80,,53,5,1,2,,,,,,,4,,,,,,41,,
235,10/02/2025,1,D. Graham,Scotland,Back Three,16,Back Three,72,,122,11,,,1,,,,,,3,,,,,,41,,
236,10/02/2025,1,T. Menoncello,Italy,Centre,15,Centre,80,,100,3,2,,,,,,,,15,1,,1,,,39,,
237,10/02/2025,1,T. Attissogbe,France,Back Three,11,Back Three,80,,79,1,1,2,,,,,,,7,,,,,,38,,
238,10/02/2025,1,C. Murley,England,Back Three,10,Back Three,80,,70,3,1,1,1,,,,,,9,,,,,,38,,
239,10/02/2025,1,T. Ramos,France,Back Three,19,Back Three,67,,58,4,1,,1,4,,,,1,3,,,,,,37,,
240,10/02/2025,1,T. Beirne,Ireland,Second Row,17,Second Row,80,,25,,,1,,,,,3,,12,1,,2,,,35,,
241,10/02/2025,1,D. Jenkins,Wales,Second Row,15,Second Row,80,,34,,,,,,,,8,,24,,,,,,35,,
242,10/02/2025,1,S. Negri,Italy,Back Row,12,Back Row,80,,48,1,,,,,,,3,,26,,,2,,,33,,
243,10/02/2025,1,T. Freeman,England,Back Three,14,Back Three,80,,85,4,,1,,,,,,,6,,,,,,32,,
244,10/02/2025,1,A. Dupont,France,Scrum-Half,20,Scrum-Half,49,,64,4,1,,3,,,,,,4,,,1,,,31,,
245,10/02/2025,1,B. Aki,Ireland,Centre,15,Centre,57,,78,3,1,1,,,,,,,6,,,,,,31,,
246,10/02/2025,1,W. Rowlands,Wales,Second Row,10,Second Row,80,,43,1,,,,,,,8,,17,,,,,,31,,
247,10/02/2025,1,M. Smith,England,Fly-Half,17,Fly-Half,69,,88,4,1,,,2,1,,,,10,,,1,1,,29,,
248,10/02/2025,1,T. Reffell,Wales,Back Row,17,Subs,74,,36,,,,,,,,8,,13,1,,,,,29,,
249,10/02/2025,1,B. Kinghorn,Scotland,Back Three,17,Back Three,80,,159,4,2,,,,,,,,2,,,1,,,28,,
250,10/02/2025,1,O. Lawrence,England,Centre,15,Centre,80,,36,6,1,,,,,,,,12,,,1,,,28,,
251,10/02/2025,1,D. van der Merwe,Scotland,Back Three,19,Back Three,80,,111,4,1,,,,,,,,6,,,,,,27,,
252,10/02/2025,1,J. Marchand,France,Hooker,13,Subs,31,,13,1,1,1,,,,,1,,6,,,,,,27,,
253,10/02/2025,1,J. Brex,Italy,Centre,14,Centre,80,,83,,,1,,,,,,,9,,,,,,27,,
254,10/02/2025,1,B. Earl,England,Back Row,20,Back Row,55,,58,4,,,,,,,1,,7,1,,,,,26,,
255,10/02/2025,1,D. Fischetti,Italy,Prop,12,Prop,67,,14,,1,,,,,,3,,16,1,,1,,,26,,
256,10/02/2025,1,C. Doris,Ireland,Back Row,18,Back Row,80,,49,,2,,,,,,3,,14,,,,,,25,,
257,10/02/2025,1,D. Sheehan,Ireland,Hooker,18,Subs,30,,30,1,,1,,,,,1,,4,,,,,,25,,
258,10/02/2025,1,J. van der Flier,Ireland,Back Row,15,Back Row,80,,24,1,,,,,,,3,,18,,,1,,,24,,
259,10/02/2025,1,A. Porter,Ireland,Prop,15,Prop,73,,34,1,1,,,,,,3,,14,,,,,,24,,
260,10/02/2025,1,M. Lamaro,Italy,Back Row,15,Back Row,62,,5,,,,,,,,3,,20,,,,,,23,,
261,10/02/2025,1,G. Nicotera,Italy,Hooker,13,Hooker,51,,,,,,,,,,3,,20,,,,,,23,,
262,10/02/2025,1,R. Kelleher,Ireland,Hooker,13,Hooker,50,,49,5,,,,,,,2,,7,,,,,,23,,
263,10/02/2025,1,L. Cannone,Italy,Back Row,14,Back Row,54,,64,,,,,,,,3,,14,,,1,,,22,,
264,10/02/2025,1,P. Barassi,France,Centre,12,Centre,80,,32,,2,,,,,,,,15,,,,,,22,,
265,10/02/2025,1,E. Gailleton,France,Centre,11,Subs,13,,3,2,,1,,,,,,,3,1,,,,,22,,
266,10/02/2025,1,G. Gilchrist,Scotland,Second Row,11,Second Row,80,,31,1,1,,,,,,5,,10,,,,,,22,,
267,10/02/2025,1,B. Thomas,Wales,Centre,13,Fly-Half,80,,104,2,,,,,,,,,7,,,,,,21,,
268,10/02/2025,1,N. Tompkins,Wales,Centre,13,Centre,80,,59,2,2,,,,,,,,8,,,,,,21,,
269,10/02/2025,1,Y. Moefana,France,Centre,12,Centre,80,,34,1,,,,,,,,,16,,,,,,21,,
270,10/02/2025,1,M. Fagerson,Scotland,Back Row,14,Back Row,80,,56,,1,,,,,,5,,10,,,2,,,20,,
271,10/02/2025,1,B. Curry,England,Back Row,13,Back Row,60,,9,1,,,,,,,1,,18,,,1,,,20,,
272,10/02/2025,1,T. Allan,Italy,Fly-Half,11,Back Three,80,,30,,1,,,1,4,,,,1,,,,,,20,,
273,10/02/2025,1,J. Gros,France,Prop,10,Prop,49,,36,3,,,,,,,2,,9,,,,,,20,,
274,10/02/2025,1,F. Russell,Scotland,Fly-Half,20,Fly-Half,80,,31,3,,,,3,,,,,5,,,1,,,19,,
275,10/02/2025,1,Z. Fagerson,Scotland,Prop,14,Prop,68,,69,1,1,,,,,,3,,6,,,,,,19,,
276,10/02/2025,1,M. Hansen,Ireland,Back Three,14,Back Three,67,,67,4,1,,,,,,,,5,,,2,,,19,,
277,10/02/2025,1,E. Meafou,France,Second Row,11,Second Row,49,,30,1,1,,,,,,2,,10,,,,,,19,,
278,10/02/2025,1,P. Boudehent,France,Back Row,13,Back Row,80,,15,,,,,,,,3,,14,,,,,,18,,
279,10/02/2025,1,J. Botham,Wales,Back Row,11,Back Row,63,,13,,,,,,,,6,,12,,,1,,,18,,
280,10/02/2025,1,G. Thomas,Wales,Prop,11,Prop,45,,8,,,,,,,,4,,16,,,2,,,18,,
281,10/02/2025,1,P. Garbisi,Italy,Fly-Half,18,Fly-Half,80,,47,,,,,,,,,,8,1,,,,,17,,
282,10/02/2025,1,J. Dempsey,Scotland,Back Row,16,Subs,29,,26,,,,,,,,4,,6,1,,,,,17,,
283,10/02/2025,1,F. Cros,France,Back Row,16,Back Row,60,,1,,1,,,,,,2,,13,,,,,,17,,
284,10/02/2025,1,B. White,Scotland,Scrum-Half,14,Scrum-Half,57,,9,,,1,1,,,,,,3,,,,,,17,,
285,10/02/2025,1,G. Ringrose,Ireland,Centre,14,Centre,80,,36,1,,,,,,,,,12,,,,,,17,,
286,10/02/2025,1,E. Ashman,Scotland,Hooker,13,Subs,29,,21,,,,,,,,4,,11,,,,,,17,,
287,10/02/2025,1,J. Gray,Scotland,Second Row,10,Second Row,57,,29,1,4,,,,,,1,,5,,,1,,,17,,
288,10/02/2025,1,S. Ferrari,Italy,Prop,9,Prop,51,,,,,,,,,,3,,14,,,,,,17,,
289,10/02/2025,1,M. Itoje,England,Second Row,17,Second Row,80,,10,,,,,,,,2,,15,,,2,,,16,,
290,10/02/2025,1,R. Baird,Ireland,Back Row,12,Back Row,50,,43,2,1,,,,,,2,,5,,,1,,,16,,
291,10/02/2025,1,D. Cherry,Scotland,Hooker,9,Hooker,51,,29,,1,,1,,,,1,,7,,,,,,16,,
292,10/02/2025,1,H. Thomas,Wales,Prop,7,Prop,45,,9,,,,,,,,4,,12,,,,,,16,,
293,10/02/2025,1,P. Mauvaka,France,Hooker,15,Hooker,49,,23,,,,,,,,2,,11,,,,,,15,,
294,10/02/2025,1,F. Ruzza,Italy,Second Row,14,Second Row,68,,17,,,,,,,,3,,11,,,,,,15,,
295,10/02/2025,1,J. Conan,Ireland,Back Row,12,Subs,30,,56,1,,,,,,,1,,7,,,,,,15,,
296,10/02/2025,1,G. Martin,England,Second Row,13,Second Row,60,,14,,,,,,,,1,,14,,,1,,,15,,
297,10/02/2025,1,A. Capuozzo,Italy,Back Three,16,Back Three,80,,33,2,,,,,,,,,7,,,,,,14,,
298,10/02/2025,1,E. Genge,England,Prop,14,Prop,70,,43,1,,,,,,,1,,9,,,2,,,14,,
299,10/02/2025,1,L. Williams,Wales,Back Three,14,Back Three,80,,41,1,,,,,,,,,8,,,,,,14,,
300,10/02/2025,1,S. Prendergast,Ireland,Fly-Half,12,Fly-Half,58,,29,2,,,1,,1,,,,1,,,,,,14,,
301,10/02/2025,1,H. Keenan,Ireland,Back Three,14,Back Three,80,,81,,1,,,,,,,,4,,,,,,14,,
302,10/02/2025,1,E. Dee,Wales,Hooker,12,Subs,38,,25,,,,,,,,4,,9,,,1,,,14,,
303,10/02/2025,1,L. Cowan-Dickie,England,Hooker,12,Hooker,55,,17,,,,,,,,1,,8,1,,1,,,14,,
304,10/02/2025,1,D. Lamb,Italy,Second Row,8,Second Row,54,,,,,,,,,,3,,11,,,,,,14,,
305,10/02/2025,1,G. Brown,Scotland,Back Row,7,Subs,23,,6,,,,,,,,4,,10,,,,,,14,,
306,10/02/2025,1,R. Ntamack,France,Fly-Half,18,Fly-Half,70,,43,2,1,,1,,,,,,8,,,1,,1,13,,
307,10/02/2025,1,G. Lucchesi,Italy,Hooker,13,Subs,29,,26,2,,,,,,,,,8,,,1,,,13,,
308,10/02/2025,1,T. Dan,England,Hooker,10,Subs,25,,17,2,,,1,,,,1,,3,,,,,,13,,
309,10/02/2025,1,M. Ioane,Italy,Back Three,16,Back Three,67,,37,2,,,,,,,,,5,,,,,,12,,
310,10/02/2025,1,H. Slade,England,Centre,12,Centre,80,,30,,,,1,,,,,,6,,,1,,,12,,
311,10/02/2025,1,M. Guillard,France,Second Row,8,Subs,31,,29,1,,,,,,,1,,7,,,,,,12,,
312,10/02/2025,1,A. Mitchell,England,Scrum-Half,14,Scrum-Half,65,,25,3,,,,,,,,,3,,,,,,11,,
313,10/02/2025,1,J. Ritchie,Scotland,Back Row,12,Back Row,51,,18,1,,,,,,,1,,7,,,,,,11,,
314,10/02/2025,1,M. Zuliani,Italy,Back Row,10,Subs,18,,34,3,,,,,,,,,2,,,,,,11,,
315,10/02/2025,1,N. Smith,Wales,Prop,7,Subs,35,,28,1,,,,,,,4,,3,,,,,,11,,
316,10/02/2025,1,T. Williams,Wales,Scrum-Half,15,Scrum-Half,70,,19,,1,,,,,,,,8,,,1,,,10,,
317,10/02/2025,1,J. Ryan,Ireland,Second Row,13,Second Row,61,,8,,,,,,,,3,,8,,,1,,,10,,
318,10/02/2025,1,P. Schoeman,Scotland,Prop,13,Prop,51,,62,,,,,,,,1,,4,,,1,,,10,,
319,10/02/2025,1,N. Cannone,Italy,Second Row,14,Subs,37,,11,,,,,,,,,,9,,,,,,10,,
320,10/02/2025,1,J. Adams,Wales,Back Three,13,Back Three,80,,60,,1,,,,,,,,3,,,1,,,10,,
321,10/02/2025,1,F. Steward,England,Back Three,12,Back Three,65,,78,1,,,,,,,,,1,,,,,,10,,
322,10/02/2025,1,F. Bealham,Ireland,Prop,11,Prop,58,,7,,,,,,,,2,,7,,,,,,9,,
323,10/02/2025,1,T. Jordan,Scotland,Fly-Half,11,Subs,23,,8,,,,1,,,,,,5,,,,,,9,,
324,10/02/2025,1,D. Edwards,Wales,Fly-Half,11,Subs,54,,39,,,,,,,,,,7,,,1,,,9,,
325,10/02/2025,1,U. Atonio,France,Prop,11,Prop,49,,15,,,,,,,,2,,6,,,,,,9,,
326,10/02/2025,1,S. Gesi,Italy,Back Three,11,Subs,13,,33,3,,,,,,,,,,,,,,,9,,
327,10/02/2025,1,T. Rogers,Wales,Back Three,11,Back Three,61,,49,1,,,,,,,,,3,,,,,,9,,
328,10/02/2025,1,F. Smith,England,Fly-Half,9,Subs,15,,26,2,,,,,,,,,3,,,,,,9,,
329,10/02/2025,1,R. Sutherland,Scotland,Prop,9,Subs,29,,21,,,,,,,,4,,3,,,,,,9,,
330,10/02/2025,1,W. Stuart,England,Prop,9,Prop,57,,14,,,,,,,,1,,7,,,,,,9,,
331,10/02/2025,1,C. Baille,France,Prop,13,Subs,31,,30,,,,,,,,1,,4,,,,,,8,,
332,10/02/2025,1,A. Roumat,France,Second Row,11,Second Row,49,,11,,,,,,,,2,,6,,,1,,,8,,
333,10/02/2025,1,E. Lloyd,Wales,Hooker,8,Hooker,36,,20,1,,,,,,,4,,7,,,2,1,,8,,
334,10/02/2025,1,G. Colombe,France,Prop,10,Subs,31,,7,,1,,,,,,1,,4,,,,,,7,,
335,10/02/2025,1,S. McDowall,Scotland,Centre,8,Centre,57,,18,,,,,,,,,,6,,,,,,7,,
336,10/02/2025,1,H. Auradou,France,Second Row,,,31,,,,,,,,,,1,,6,,,,,,7,,
337,10/02/2025,1,M. Riccioni,Italy,Prop,8,Subs,29,,8,,,,,,,,,,7,,,,,,7,,
338,10/02/2025,1,R. Henshaw,Ireland,Centre,10,Subs,36,,20,,,,,,,,,,4,,,,,,6,,
339,10/02/2025,1,J. Crowley,Ireland,Fly-Half,14,Subs,22,,7,1,,,,2,,,,,1,,,1,,,6,,
340,10/02/2025,1,O. Chessum,England,Second Row,13,Subs,20,,12,,,,,,,,1,,4,,,,,,6,,
341,10/02/2025,1,K. Assiratti,Wales,Prop,8,Subs,35,,7,,,,,,,,4,,3,,,1,,,6,,
342,10/02/2025,1,R. Vintcent,Italy,Back Row,12,Subs,26,,27,,,,,,,,,,3,,,,,,5,,
343,10/02/2025,1,N. Le Garrec,France,Scrum-Half,12,Subs,31,,2,,1,,,,,,,,3,,,,,,5,,
344,10/02/2025,1,T. Willis,England,Back Row,10,Subs,25,,27,,,,,,,,1,,2,,,,,,5,,
345,10/02/2025,1,O. Jegou,France,Back Row,10,Subs,20,,,,,,,,,,1,,4,,,,,,5,,
346,10/02/2025,1,I. Henderson,Ireland,Second Row,10,Subs,19,,,,,,,,,,,,5,,,,,,5,,
347,10/02/2025,1,C. Cunningham-South,England,Back Row,14,Subs,20,,9,1,,,,,,,1,,2,,,1,,,4,,
348,10/02/2025,1,F. Baxter,England,Prop,9,Subs,10,,,,,,,,,,1,,3,,,,,,4,,
349,10/02/2025,1,O. Watkin,Wales,Centre,10,Centre,26,,24,,,,,,,,,,2,,,,,,4,,
350,10/02/2025,1,L. Rizzoli,Italy,Prop,7,Subs,13,,14,,1,,,,,,,,1,,,,,,4,,
351,10/02/2025,1,W. Hurd,Scotland,Prop,9,Subs,12,,,,,,,,,,2,,3,,,1,,,4,,
352,10/02/2025,1,M. Page-Relo,Italy,Scrum-Half,10,Scrum-Half,62,,7,,,,,,,,,,3,,,,,,3,,
353,10/02/2025,1,B. Murray,Wales,Back Three,11,Subs,19,,20,,,,,,,,,,,,,,,,2,,
354,10/02/2025,1,G. Horne,Scotland,Scrum-Half,10,Subs,23,,,,,,,,,,,,2,,,,,,2,,
355,10/02/2025,1,C. Healy,Ireland,Prop,9,Subs,7,,5,,,,,,,,,,2,,,,,,2,,
356,10/02/2025,1,J. Heyes,England,Prop,8,Subs,23,,3,,,,,,,,1,,1,,,,,,2,,
357,10/02/2025,1,A. Garbisi,Italy,Scrum-Half,8,Subs,18,,,,,,,,,,,,2,,,,,,2,,
358,10/02/2025,1,T. Clarkson,Ireland,Prop,7,Subs,22,,6,,,,,,,,1,,1,,,,,,2,,
359,10/02/2025,1,C. Murray,Ireland,Scrum-Half,11,Subs,6,,,,,,,,,,,,1,,,,,,1,,
360,10/02/2025,1,R. Williams,Wales,Scrum-Half,9,Subs,10,,6,,,,,,,,,,1,,,,,,1,,
361,10/02/2025,1,A. Wainwright,Wales,Back Row,16,Back Row,3,,,,,,,,,,,,,,,,,,,,
362,10/02/2025,1,H. Randall,England,Scrum-Half,12,Subs,15,,4,,,,,,,,,,,,,,,,,,
363,10/02/2025,1,K. Rowe,Scotland,Back Three,10,Subs,8,,,,,,,,,,,,,,,,,,,,
364,10/02/2025,1,F. Thomas,Wales,Second Row,9,Subs,13,,16,,,,,,,,2,,1,,,1,1,,-2,,
365,10/02/2025,1,D. Penaud,France,Back Three,,,,,,,,,,,,,,,,,,,,,,,
366,10/02/2025,1,M. Jalibert,France,Fly-Half,,,,,,,,,,,,,,,,,,,,,,,
367,10/02/2025,1,J. George,England,Hooker,,,,,,,,,,,,,,,,,,,,,,,
368,10/02/2025,1,O. Sleightholme,England,Back Three,,,,,,,,,,,,,,,,,,,,,,,
369,10/02/2025,1,G. Ford,England,Fly-Half,,,,,,,,,,,,,,,,,,,,,,,
370,10/02/2025,1,N. Depoortere,France,Centre,,,,,,,,,,,,,,,,,,,,,,,
371,10/02/2025,1,J. McCarthy,Ireland,Second Row,,,,,,,,,,,,,,,,,,,,,,,
372,10/02/2025,1,T. Faletau,Wales,Back Row,,,,,,,,,,,,,,,,,,,,,,,
373,10/02/2025,1,E. Daly,England,Back Three,,,,,,,,,,,,,,,,,,,,,,,
374,10/02/2025,1,G. Villiere,France,Back Three,,,,,,,,,,,,,,,,,,,,,,,
375,10/02/2025,1,C. Nash,Ireland,Back Three,,,,,,,,,,,,,,,,,,,,,,,
376,10/02/2025,1,T. Furlong,Ireland,Prop,,,,,,,,,,,,,,,,,,,,,,,
377,10/02/2025,1,P. O'Mahony,Ireland,Back Row,,,,,,,,,,,,,,,,,,,,,,,
378,10/02/2025,1,J. Dobie,Scotland,Scrum-Half,,,,,,,,,,,,,,,,,,,,,,,
379,10/02/2025,1,J. Trulla,Italy,Back Three,,,,,,,,,,,,,,,,,,,,,,,
380,10/02/2025,1,E. Bevan,Wales,Scrum-Half,,,,,,,,,,,,,,,,,,,,,,,
381,10/02/2025,1,C. Tshiunza,Wales,Second Row,,,,,,,,,,,,,,,,,,,,,,,
382,10/02/2025,1,E. Mee,Wales,Back Three,,,,,,,,,,,,,,,,,,,,,,,
383,10/02/2025,1,J. O'Brien,Ireland,Back Three,,,,,,,,,,,,,,,,,,,,,,,
384,10/02/2025,1,M. Lucu,France,Scrum-Half,,,,,,,,,,,,,,,,,,,,,,,
385,10/02/2025,1,A. Frisch,France,Centre,,,,,,,,,,,,,,,,,,,,,,,
386,10/02/2025,1,F. Dingwall,England,Centre,,,,,,,,,,,,,,,,,,,,,,,
387,10/02/2025,1,T. Roebuck,England,Back Three,,,,,,,,,,,,,,,,,,,,,,,
388,10/02/2025,1,S. Varney,Italy,Scrum-Half,,,,,,,,,,,,,,,,,,,,,,,
389,10/02/2025,1,M. Gallagher,Italy,Back Three,,,,,,,,,,,,,,,,,,,,,,,
390,10/02/2025,1,S. Skinner,Scotland,Second Row,,,,,,,,,,,,,,,,,,,,,,,
391,10/02/2025,1,O. Smith,Scotland,Centre,,,,,,,,,,,,,,,,,,,,,,,
392,10/02/2025,1,J. Roberts,Wales,Centre,,,,,,,,,,,,,,,,,,,,,,,
393,10/02/2025,1,R. Herring,Ireland,Hooker,,,,,,,,,,,,,,,,,,,,,,,
394,10/02/2025,1,D. Cretin,France,Back Row,,,,,,,,,,,,,,,,,,,,,,,
395,10/02/2025,1,L. Crosbie,Scotland,Back Row,,,,,,,,,,,,,,,,,,,,,,,
396,10/02/2025,1,A. Reed,Scotland,Back Three,,,,,,,,,,,,,,,,,,,,,,,
397,10/02/2025,1,C. Frawley,Ireland,Fly-Half,,,,,,,,,,,,,,,,,,,,,,,
398,10/02/2025,1,J. Hathaway,Wales,Back Three,,,,,,,,,,,,,,,,,,,,,,,
399,10/02/2025,1,F. Burke,Scotland,Fly-Half,,,,,,,,,,,,,,,,,,,,,,,
400,10/02/2025,1,A. Lozowski,England,Centre,,,,,,,,,,,,,,,,,,,,,,,
401,10/02/2025,1,T. Williams,Wales,Second Row,,,,,,,,,,,,,,,,,,,,,,,
402,10/02/2025,1,T. Plumtree,Wales,Back Row,,,,,,,,,,,,,,,,,,,,,,,
403,10/02/2025,1,B. Spencer,England,Scrum-Half,,,,,,,,,,,,,,,,,,,,,,,
404,10/02/2025,1,L. Marin,Italy,Fly-Half,,,,,,,,,,,,,,,,,,,,,,,
405,10/02/2025,1,J. Osborne,Ireland,Centre,,,,,,,,,,,,,,,,,,,,,,,
406,10/02/2025,1,G. Zilocchi,Italy,Prop,,,,,,,,,,,,,,,,,,,,,,,
407,10/02/2025,1,E. James,Wales,Centre,,,,,,,,,,,,,,,,,,,,,,,
408,10/02/2025,1,O. Beard,England,Centre,,,,,,,,,,,,,,,,,,,,,,,
409,10/02/2025,1,R. Hutchinson,Scotland,Centre,,,,,,,,,,,,,,,,,,,,,,,
410,10/02/2025,1,R. Slimani,France,Prop,,,,,,,,,,,,,,,,,,,,,,,
411,10/02/2025,1,M. Currie,Scotland,Centre,,,,,,,,,,,,,,,,,,,,,,,
412,10/02/2025,1,L. Le Brun,France,Fly-Half,,,,,,,,,,,,,,,,,,,,,,,
413,10/02/2025,1,G. McCarthy,Ireland,Hooker,,,,,,,,,,,,,,,,,,,,,,,
414,10/02/2025,1,C. Tiberghien,France,Back Three,,,,,,,,,,,,,,,,,,,,,,,
415,10/02/2025,1,C. Blade,Ireland,Scrum-Half,,,,,,,,,,,,,,,,,,,,,,,
416,10/02/2025,1,P. Harrison,Scotland,Hooker,,,,,,,,,,,,,,,,,,,,,,,
417,10/02/2025,1,M. Halagahu,France,Second Row,,,,,,,,,,,,,,,,,,,,,,,
418,10/02/2025,1,M. Zanon,Italy,Centre,,,,,,,,,,,,,,,,,,,,,,,
419,10/02/2025,1,M. Gazzotti,France,Back Row,,,,,,,,,,,,,,,,,,,,,,,
420,10/02/2025,1,B. Rodd,England,Prop,,,,,,,,,,,,,,,,,,,,,,,
421,10/02/2025,1,G. Beria,France,Prop,,,,,,,,,,,,,,,,,,,,,,,
422,10/02/2025,1,J. Mann,Scotland,Back Row,,,,,,,,,,,,,,,,,,,,,,,
423,10/02/2025,1,M. Sykes,Scotland,Second Row,,,,,,,,,,,,,,,,,,,,,,,
424,10/02/2025,1,E. Abadie,France,Back Row,,,,,,,,,,,,,,,,,,,,,,,
425,10/02/2025,1,L. Nouchi,France,Back Row,,,,,,,,,,,,,,,,,,,,,,,
426,10/02/2025,1,C. Langdon,England,Hooker,,,,,,,,,,,,,,,,,,,,,,,
427,10/02/2025,1,R. Favretto,Italy,Second Row,,,,,,,,,,,,,,,,,,,,,,,
428,10/02/2025,1,C. Izuchukwu,Ireland,Second Row,,,,,,,,,,,,,,,,,,,,,,,
429,10/02/2025,1,A. Masibaka,Scotland,Back Row,,,,,,,,,,,,,,,,,,,,,,,
430,10/02/2025,1,M. Lamothe,France,Hooker,,,,,,,,,,,,,,,,,,,,,,,
431,10/02/2025,1,C. Henderson,Scotland,Second Row,,,,,,,,,,,,,,,,,,,,,,,
432,10/02/2025,1,J. Brennan,France,Second Row,,,,,,,,,,,,,,,,,,,,,,,
433,10/02/2025,1,C. Prendergast,Ireland,Back Row,,,,,,,,,,,,,,,,,,,,,,,
434,10/02/2025,1,W. John,Wales,Prop,,,,,,,,,,,,,,,,,,,,,,,
435,10/02/2025,1,T. Tatafu,France,Prop,,,,,,,,,,,,,,,,,,,,,,,
436,10/02/2025,1,T. Ahern,Ireland,Second Row,,,,,,,,,,,,,,,,,,,,,,,
437,10/02/2025,1,S. Bolton,Ireland,Back Three,,,,,,,,,,,,,,,,,,,,,,,
438,10/02/2025,1,S. Parry,Wales,Hooker,,,,,,,,,,,,,,,,,,,,,,,
439,10/02/2025,1,T. Hill,England,Second Row,,,,,,,,,,,,,,,,,,,,,,,
440,10/02/2025,1,E. Ferrie,Scotland,Back Row,,,,,,,,,,,,,,,,,,,,,,,
441,10/02/2025,1,M. Canali,Italy,Second Row,,,,,,,,,,,,,,,,,,,,,,,
442,10/02/2025,1,T. Di Bartolomeo,Italy,Hooker,,,,,,,,,,,,,,,,,,,,,,,
443,10/02/2025,1,E. Johnson,Scotland,Second Row,,,,,,,,,,,,,,,,,,,,,,,
444,10/02/2025,1,T. Matiu,France,Back Row,,,,,,,,,,,,,,,,,,,,,,,
445,10/02/2025,1,J. Boyle,Ireland,Prop,,,,,,,,,,,,,,,,,,,,,,,
446,10/02/2025,1,J. Aungier,Ireland,Prop,,,,,,,,,,,,,,,,,,,,,,,
447,10/02/2025,1,K. Mathias,Wales,Prop,,,,,,,,,,,,,,,,,,,,,,,
448,10/02/2025,1,G. Bertaccini,Italy,Centre,,,,,,,,,,,,,,,,,,,,,,,
449,10/02/2025,1,D. Rae,Scotland,Prop,,,,,,,,,,,,,,,,,,,,,,,
450,10/02/2025,1,J. Bhatti,Scotland,Prop,,,,,,,,,,,,,,,,,,,,,,,
451,10/02/2025,1,A. Izekor,Italy,Back Row,,,,,,,,,,,,,,,,,,,,,,,
452,10/02/2025,1,B. Warren,Wales,Prop,,,,,,,,,,,,,,,,,,,,,,,
453,10/02/2025,1,A. Opoku-Fordjour,England,Prop,,,,,,,,,,,,,,,,,,,,,,,
,,,,,,,,,,,,,,,,,,,,,,,,,,,,
,,,,,,,,,15,0.1,2,2,15,,,,,1,,1,5,,,,,,,
,,,,,,,,,,,,,,,,,,,,,,,,,,,,
,,,,,,,,,0,10.6,2,2,0,0,0,0,0,5,0,8,0,0,0,0,0,0,,27.6
,,1,,,,,,,15,9,4,2,15,0,0,0,0,3,0,18,5,0,0,0,0,0,,71
,,,,,,,,,,,,,,,,,,,,,,,,,,,,
,,,,,,,,,,,,,,,,,,,,,,,,,,,,
,,,,,,,,,,,,,,,,,,,,,,,,,,,,
,,,,,,,,,,,,,,,,,,,,,,,,,,,,
,,,,,,,,,,,,,,,,,,,,,,,,,,,,
,,,,,"        'tries_back': tries_back,",,,,,,,,,,,,,,,,,,,,,,,
,,,,,"        'tries_forward': tries_forward,",,,,,,,,,,,,,,,,,,,,,,,
,,,,,"        'assists': df['assists'] * 4,",,,,,,,,,,,,,,,,,,,,,,,
,,,,,"        'conversions': df['conversions'] * 2,",,,,,,,,,,,,,,,,,,,,,,,
,,,,,"        'penalties': df['penalties'] * 3,",,,,,,,,,,,,,,,,,,,,,,,
,,,,,"        'drop_goals': df['drop_goals'] * 5,",,,,,,,,,,,,,,,,,,,,,,,
,,,,,"        'defenders_beaten': df['defenders_beaten'] * 2,",,,,,,,,,,,,,,,,,,,,,,,
,,,,,"        'meters': (df['meters_carried'] / 10).apply(np.floor) * 1,  # Floor to nearest 10m",,,,,,,,,,,,,,,,,,,,,,,
,,,,,"        'kick_50_22': df['kick_50_22'] * 7,",,,,,,,,,,,,,,,,,,,,,,,
,,,,,"        'tackles': df['tackles'] * 1,",,,,,,,,,,,,,,,,,,,,,,,
,,,,,"        'breakdown_steals': df['breakdown_steals'] * 5,",,,,,,,,,,,,,,,,,,,,,,,
,,,,,"        'lineout_steals': df['lineout_steals'] * 7,",,,,,,,,,,,,,,,,,,,,,,,
,,,,,"        'penalties_conceded': df['penalties_conceded'] * -1,",,,,,,,,,,,,,,,,,,,,,,,
,,,,,"        'man_of_match': df['man_of_match'] * 15,",,,,,,,,,,,,,,,,,,,,,,,
,,,,,"        'yellow_cards': df['yellow_cards'] * -5,",,,,,,,,,,,,,,,,,,,,,,,
,,,,,        'red_cards': df['red_cards'] * -8,,,,,,,,,,,,,,,,,,,,,,,
