,extraction_date,round,name,club,position,fantasy_value,fantasy_position_group,minutes,man_of_match,meters_carried,defenders_beaten,offloads,tries,assists,conversions,penalties,drop_goals,scrum_wins,kick_50_22,tackles,breakdown_steals,lineout_steals,penalties_conceded,yellow_cards,red_cards,points,points_per_min
0,2025-03-13,1,G. Alldritt,France,Back Row,17.0,Back Row,80,1,90,2,1,1,0,0,0,0,3,0,18,1,0,0,0,0,71.0,88
1,2025-03-13,1,H. Jones,Scotland,Centre,16.0,Centre,80,1,126,2,0,3,0,0,0,0,0,0,5,0,0,0,0,0,66.0,82
2,2025-03-13,1,R. Darge,Scotland,Back Row,14.0,Back Row,80,0,53,2,3,1,0,0,0,0,5,0,12,1,0,0,0,0,52.0,65
3,2025-03-13,1,T. Curry,England,Back Row,14.0,Back Row,80,0,32,1,0,1,0,0,0,0,2,0,13,3,0,0,0,0,50.0,62
4,2025-03-13,1,J. Morgan,Wales,Back Row,16.0,Back Row,80,0,121,3,1,0,0,0,0,0,8,0,21,0,0,0,0,0,49.0,61
5,2025-03-13,1,J. Gibson-Park,Ireland,Scrum-Half,16.0,Scrum-Half,74,1,39,1,1,1,0,0,0,0,0,0,10,0,0,0,0,0,42.0,56
6,2025-03-13,1,L. Bielle-Biarrey,France,Back Three,15.0,Back Three,80,0,53,5,1,2,0,0,0,0,0,0,4,0,0,0,0,0,41.0,51
7,2025-03-13,1,J. Lowe,Ireland,Back Three,18.0,Back Three,80,0,167,3,1,0,3,0,0,0,0,0,5,0,0,0,0,0,41.0,51
8,2025-03-13,1,D. Graham,Scotland,Back Three,16.0,Back Three,72,0,122,11,0,0,1,0,0,0,0,0,3,0,0,0,0,0,41.0,56
9,2025-03-13,1,T. Menoncello,Italy,Centre,15.0,Centre,80,0,100,3,2,0,0,0,0,0,0,0,15,1,0,1,0,0,39.0,48
10,2025-03-13,1,T. Attissogbe,France,Back Three,11.0,Back Three,80,0,79,1,1,2,0,0,0,0,0,0,7,0,0,0,0,0,38.0,47
11,2025-03-13,1,T. Ramos,France,Back Three,19.0,Back Three,67,0,58,4,1,0,1,4,0,0,0,1,3,0,0,0,0,0,37.0,55
12,2025-03-13,1,T. Beirne,Ireland,Second Row,17.0,Second Row,80,0,25,0,0,1,0,0,0,0,3,0,12,1,0,2,0,0,35.0,43
13,2025-03-13,1,D. Jenkins,Wales,Second Row,15.0,Second Row,80,0,34,0,0,0,0,0,0,0,8,0,24,0,0,0,0,0,35.0,43
14,2025-03-13,1,S. Negri,Italy,Back Row,12.0,Back Row,80,0,48,1,0,0,0,0,0,0,3,0,26,0,0,2,0,0,33.0,41
15,2025-03-13,1,T. Freeman,England,Back Three,14.0,Back Three,80,0,85,4,0,1,0,0,0,0,0,0,6,0,0,0,0,0,32.0,40
16,2025-03-13,1,B. Aki,Ireland,Centre,15.0,Centre,57,0,78,3,1,1,0,0,0,0,0,0,6,0,0,0,0,0,31.0,54
17,2025-03-13,1,W. Rowlands,Wales,Second Row,10.0,Second Row,80,0,43,1,0,0,0,0,0,0,8,0,17,0,0,0,0,0,31.0,38
18,2025-03-13,1,M. Smith,England,Fly-Half,17.0,Fly-Half,69,0,88,4,1,0,0,2,1,0,0,0,10,0,0,1,1,0,29.0,42
19,2025-03-13,1,T. Reffell,Wales,Back Row,17.0,Subs,74,0,36,0,0,0,0,0,0,0,8,0,13,1,0,0,0,0,29.0,39
20,2025-03-13,1,B. Kinghorn,Scotland,Back Three,17.0,Back Three,80,0,159,4,2,0,0,0,0,0,0,0,2,0,0,1,0,0,28.0,35
21,2025-03-13,1,D. van der Merwe,Scotland,Back Three,19.0,Back Three,80,0,111,4,1,0,0,0,0,0,0,0,6,0,0,0,0,0,27.0,33
22,2025-03-13,1,J. Marchand,France,Hooker,13.0,Subs,31,0,13,1,1,1,0,0,0,0,1,0,6,0,0,0,0,0,27.0,87
23,2025-03-13,1,J. Brex,Italy,Centre,14.0,Centre,80,0,83,0,0,1,0,0,0,0,0,0,9,0,0,0,0,0,27.0,33
24,2025-03-13,1,B. Earl,England,Back Row,20.0,Back Row,55,0,58,4,0,0,0,0,0,0,1,0,7,1,0,0,0,0,26.0,47
25,2025-03-13,1,D. Fischetti,Italy,Prop,12.0,Prop,67,0,14,0,1,0,0,0,0,0,3,0,16,1,0,1,0,0,26.0,38
26,2025-03-13,1,C. Doris,Ireland,Back Row,18.0,Back Row,80,0,49,0,2,0,0,0,0,0,3,0,14,0,0,0,0,0,25.0,31
27,2025-03-13,1,D. Sheehan,Ireland,Hooker,18.0,Subs,30,0,30,1,0,1,0,0,0,0,1,0,4,0,0,0,0,0,25.0,83
28,2025-03-13,1,J. van der Flier,Ireland,Back Row,15.0,Back Row,80,0,24,1,0,0,0,0,0,0,3,0,18,0,0,1,0,0,24.0,30
29,2025-03-13,1,A. Porter,Ireland,Prop,15.0,Prop,73,0,34,1,1,0,0,0,0,0,3,0,14,0,0,0,0,0,24.0,32
30,2025-03-13,1,M. Lamaro,Italy,Back Row,15.0,Back Row,62,0,5,0,0,0,0,0,0,0,3,0,20,0,0,0,0,0,23.0,37
31,2025-03-13,1,G. Nicotera,Italy,Hooker,13.0,Hooker,51,0,0,0,0,0,0,0,0,0,3,0,20,0,0,0,0,0,23.0,45
32,2025-03-13,1,R. Kelleher,Ireland,Hooker,13.0,Hooker,50,0,49,5,0,0,0,0,0,0,2,0,7,0,0,0,0,0,23.0,46
33,2025-03-13,1,L. Cannone,Italy,Back Row,14.0,Back Row,54,0,64,0,0,0,0,0,0,0,3,0,14,0,0,1,0,0,22.0,40
34,2025-03-13,1,P. Barassi,France,Centre,12.0,Centre,80,0,32,0,2,0,0,0,0,0,0,0,15,0,0,0,0,0,22.0,27
35,2025-03-13,1,G. Gilchrist,Scotland,Second Row,11.0,Second Row,80,0,31,1,1,0,0,0,0,0,5,0,10,0,0,0,0,0,22.0,27
36,2025-03-13,1,B. Thomas,Wales,Centre,13.0,Fly-Half,80,0,104,2,0,0,0,0,0,0,0,0,7,0,0,0,0,0,21.0,26
37,2025-03-13,1,Y. Moefana,France,Centre,12.0,Centre,80,0,34,1,0,0,0,0,0,0,0,0,16,0,0,0,0,0,21.0,26
38,2025-03-13,1,N. Tompkins,Wales,Centre,13.0,Centre,80,0,59,2,2,0,0,0,0,0,0,0,8,0,0,0,0,0,21.0,26
39,2025-03-13,1,M. Fagerson,Scotland,Back Row,14.0,Back Row,80,0,56,0,1,0,0,0,0,0,5,0,10,0,0,2,0,0,20.0,25
40,2025-03-13,1,B. Curry,England,Back Row,13.0,Back Row,60,0,9,1,0,0,0,0,0,0,1,0,18,0,0,1,0,0,20.0,33
41,2025-03-13,1,T. Allan,Italy,Fly-Half,11.0,Back Three,80,0,30,0,1,0,0,1,4,0,0,0,1,0,0,0,0,0,20.0,25
42,2025-03-13,1,J. Gros,France,Prop,10.0,Prop,49,0,36,3,0,0,0,0,0,0,2,0,9,0,0,0,0,0,20.0,40
43,2025-03-13,1,F. Russell,Scotland,Fly-Half,20.0,Fly-Half,80,0,31,3,0,0,0,3,0,0,0,0,5,0,0,1,0,0,19.0,23
44,2025-03-13,1,Z. Fagerson,Scotland,Prop,14.0,Prop,68,0,69,1,1,0,0,0,0,0,3,0,6,0,0,0,0,0,19.0,27
45,2025-03-13,1,M. Hansen,Ireland,Back Three,14.0,Back Three,67,0,67,4,1,0,0,0,0,0,0,0,5,0,0,2,0,0,19.0,28
46,2025-03-13,1,E. Meafou,France,Second Row,11.0,Second Row,49,0,30,1,1,0,0,0,0,0,2,0,10,0,0,0,0,0,19.0,38
47,2025-03-13,1,P. Boudehent,France,Back Row,13.0,Back Row,80,0,15,0,0,0,0,0,0,0,3,0,14,0,0,0,0,0,18.0,22
48,2025-03-13,1,G. Thomas,Wales,Prop,11.0,Prop,45,0,8,0,0,0,0,0,0,0,4,0,16,0,0,2,0,0,18.0,40
49,2025-03-13,1,J. Botham,Wales,Back Row,11.0,Back Row,63,0,13,0,0,0,0,0,0,0,6,0,12,0,0,1,0,0,18.0,28
50,2025-03-13,1,J. Dempsey,Scotland,Back Row,16.0,Subs,29,0,26,0,0,0,0,0,0,0,4,0,6,1,0,0,0,0,17.0,58
51,2025-03-13,1,P. Garbisi,Italy,Fly-Half,18.0,Fly-Half,80,0,47,0,0,0,0,0,0,0,0,0,8,1,0,0,0,0,17.0,21
52,2025-03-13,1,F. Cros,France,Back Row,16.0,Back Row,60,0,1,0,1,0,0,0,0,0,2,0,13,0,0,0,0,0,17.0,28
53,2025-03-13,1,B. White,Scotland,Scrum-Half,14.0,Scrum-Half,57,0,9,0,0,1,1,0,0,0,0,0,3,0,0,0,0,0,17.0,29
54,2025-03-13,1,E. Ashman,Scotland,Hooker,13.0,Subs,29,0,21,0,0,0,0,0,0,0,4,0,11,0,0,0,0,0,17.0,58
55,2025-03-13,1,G. Ringrose,Ireland,Centre,14.0,Centre,80,0,36,1,0,0,0,0,0,0,0,0,12,0,0,0,0,0,17.0,21
56,2025-03-13,1,J. Gray,Scotland,Second Row,10.0,Second Row,57,0,29,1,4,0,0,0,0,0,1,0,5,0,0,1,0,0,17.0,29
57,2025-03-13,1,S. Ferrari,Italy,Prop,9.0,Prop,51,0,0,0,0,0,0,0,0,0,3,0,14,0,0,0,0,0,17.0,33
58,2025-03-13,1,M. Itoje,England,Second Row,17.0,Second Row,80,0,10,0,0,0,0,0,0,0,2,0,15,0,0,2,0,0,16.0,20
59,2025-03-13,1,R. Baird,Ireland,Back Row,12.0,Back Row,50,0,43,2,1,0,0,0,0,0,2,0,5,0,0,1,0,0,16.0,32
60,2025-03-13,1,D. Cherry,Scotland,Hooker,9.0,Hooker,51,0,29,0,1,0,1,0,0,0,1,0,7,0,0,0,0,0,16.0,31
61,2025-03-13,1,H. Thomas,Wales,Prop,7.0,Prop,45,0,9,0,0,0,0,0,0,0,4,0,12,0,0,0,0,0,16.0,35
62,2025-03-13,1,P. Mauvaka,France,Hooker,15.0,Hooker,49,0,23,0,0,0,0,0,0,0,2,0,11,0,0,0,0,0,15.0,30
63,2025-03-13,1,J. Conan,Ireland,Back Row,12.0,Subs,30,0,56,1,0,0,0,0,0,0,1,0,7,0,0,0,0,0,15.0,50
64,2025-03-13,1,F. Ruzza,Italy,Second Row,14.0,Second Row,68,0,17,0,0,0,0,0,0,0,3,0,11,0,0,0,0,0,15.0,22
65,2025-03-13,1,G. Martin,England,Second Row,13.0,Second Row,60,0,14,0,0,0,0,0,0,0,1,0,14,0,0,1,0,0,15.0,25
66,2025-03-13,1,A. Capuozzo,Italy,Back Three,16.0,Back Three,80,0,33,2,0,0,0,0,0,0,0,0,7,0,0,0,0,0,14.0,17
67,2025-03-13,1,S. Prendergast,Ireland,Fly-Half,12.0,Fly-Half,58,0,29,2,0,0,1,0,1,0,0,0,1,0,0,0,0,0,14.0,24
68,2025-03-13,1,E. Genge,England,Prop,14.0,Prop,70,0,43,1,0,0,0,0,0,0,1,0,9,0,0,2,0,0,14.0,20
69,2025-03-13,1,H. Keenan,Ireland,Back Three,14.0,Back Three,80,0,81,0,1,0,0,0,0,0,0,0,4,0,0,0,0,0,14.0,17
70,2025-03-13,1,E. Dee,Wales,Hooker,12.0,Subs,38,0,25,0,0,0,0,0,0,0,4,0,9,0,0,1,0,0,14.0,36
71,2025-03-13,1,L. Cowan-Dickie,England,Hooker,12.0,Hooker,55,0,17,0,0,0,0,0,0,0,1,0,8,1,0,1,0,0,14.0,25
72,2025-03-13,1,D. Lamb,Italy,Second Row,8.0,Second Row,54,0,0,0,0,0,0,0,0,0,3,0,11,0,0,0,0,0,14.0,25
73,2025-03-13,1,G. Brown,Scotland,Back Row,7.0,Subs,23,0,6,0,0,0,0,0,0,0,4,0,10,0,0,0,0,0,14.0,60
74,2025-03-13,1,R. Ntamack,France,Fly-Half,18.0,Fly-Half,70,0,43,2,1,0,1,0,0,0,0,0,8,0,0,1,0,1,13.0,18
75,2025-03-13,1,G. Lucchesi,Italy,Hooker,13.0,Subs,29,0,26,2,0,0,0,0,0,0,0,0,8,0,0,1,0,0,13.0,44
76,2025-03-13,1,T. Dan,England,Hooker,10.0,Subs,25,0,17,2,0,0,1,0,0,0,1,0,3,0,0,0,0,0,13.0,52
77,2025-03-13,1,M. Ioane,Italy,Back Three,16.0,Back Three,67,0,37,2,0,0,0,0,0,0,0,0,5,0,0,0,0,0,12.0,17
78,2025-03-13,1,H. Slade,England,Centre,12.0,Centre,80,0,30,0,0,0,1,0,0,0,0,0,6,0,0,1,0,0,12.0,15
79,2025-03-13,1,M. Guillard,France,Second Row,8.0,Subs,31,0,29,1,0,0,0,0,0,0,1,0,7,0,0,0,0,0,12.0,38
80,2025-03-13,1,A. Mitchell,England,Scrum-Half,14.0,Scrum-Half,65,0,25,3,0,0,0,0,0,0,0,0,3,0,0,0,0,0,11.0,16
81,2025-03-13,1,J. Ritchie,Scotland,Back Row,12.0,Back Row,51,0,18,1,0,0,0,0,0,0,1,0,7,0,0,0,0,0,11.0,21
82,2025-03-13,1,M. Zuliani,Italy,Back Row,10.0,Subs,18,0,34,3,0,0,0,0,0,0,0,0,2,0,0,0,0,0,11.0,61
83,2025-03-13,1,N. Smith,Wales,Prop,7.0,Subs,35,0,28,1,0,0,0,0,0,0,4,0,3,0,0,0,0,0,11.0,31
84,2025-03-13,1,T. Williams,Wales,Scrum-Half,15.0,Scrum-Half,70,0,19,0,1,0,0,0,0,0,0,0,8,0,0,1,0,0,10.0,14
85,2025-03-13,1,J. Ryan,Ireland,Second Row,13.0,Second Row,61,0,8,0,0,0,0,0,0,0,3,0,8,0,0,1,0,0,10.0,16
86,2025-03-13,1,N. Cannone,Italy,Second Row,14.0,Subs,37,0,11,0,0,0,0,0,0,0,0,0,9,0,0,0,0,0,10.0,27
87,2025-03-13,1,P. Schoeman,Scotland,Prop,13.0,Prop,51,0,62,0,0,0,0,0,0,0,1,0,4,0,0,1,0,0,10.0,19
88,2025-03-13,1,J. Adams,Wales,Back Three,13.0,Back Three,80,0,60,0,1,0,0,0,0,0,0,0,3,0,0,1,0,0,10.0,12
89,2025-03-13,1,F. Steward,England,Back Three,12.0,Back Three,65,0,78,1,0,0,0,0,0,0,0,0,1,0,0,0,0,0,10.0,15
90,2025-03-13,1,T. Jordan,Scotland,Fly-Half,11.0,Subs,23,0,8,0,0,0,1,0,0,0,0,0,5,0,0,0,0,0,9.0,39
91,2025-03-13,1,F. Smith,England,Fly-Half,9.0,Subs,15,0,26,2,0,0,0,0,0,0,0,0,3,0,0,0,0,0,9.0,60
92,2025-03-13,1,F. Bealham,Ireland,Prop,11.0,Prop,58,0,7,0,0,0,0,0,0,0,2,0,7,0,0,0,0,0,9.0,15
93,2025-03-13,1,T. Rogers,Wales,Back Three,11.0,Back Three,61,0,49,1,0,0,0,0,0,0,0,0,3,0,0,0,0,0,9.0,14
94,2025-03-13,1,U. Atonio,France,Prop,11.0,Prop,49,0,15,0,0,0,0,0,0,0,2,0,6,0,0,0,0,0,9.0,18
95,2025-03-13,1,S. Gesi,Italy,Back Three,11.0,Subs,13,0,33,3,0,0,0,0,0,0,0,0,0,0,0,0,0,0,9.0,69
96,2025-03-13,1,D. Edwards,Wales,Fly-Half,11.0,Subs,54,0,39,0,0,0,0,0,0,0,0,0,7,0,0,1,0,0,9.0,16
97,2025-03-13,1,W. Stuart,England,Prop,9.0,Prop,57,0,14,0,0,0,0,0,0,0,1,0,7,0,0,0,0,0,9.0,15
98,2025-03-13,1,R. Sutherland,Scotland,Prop,9.0,Subs,29,0,21,0,0,0,0,0,0,0,4,0,3,0,0,0,0,0,9.0,31
99,2025-03-13,1,C. Baille,France,Prop,13.0,Subs,31,0,30,0,0,0,0,0,0,0,1,0,4,0,0,0,0,0,8.0,25
100,2025-03-13,1,A. Roumat,France,Second Row,11.0,Second Row,49,0,11,0,0,0,0,0,0,0,2,0,6,0,0,1,0,0,8.0,16
101,2025-03-13,1,E. Lloyd,Wales,Hooker,8.0,Hooker,36,0,20,1,0,0,0,0,0,0,4,0,7,0,0,2,1,0,8.0,22
102,2025-03-13,1,S. McDowall,Scotland,Centre,8.0,Centre,57,0,18,0,0,0,0,0,0,0,0,0,6,0,0,0,0,0,7.0,12
103,2025-03-13,1,H. Auradou,France,Second Row,0.0,Unknown,31,0,0,0,0,0,0,0,0,0,1,0,6,0,0,0,0,0,7.0,22
104,2025-03-13,1,M. Riccioni,Italy,Prop,8.0,Subs,29,0,8,0,0,0,0,0,0,0,0,0,7,0,0,0,0,0,7.0,24
105,2025-03-13,1,R. Henshaw,Ireland,Centre,10.0,Subs,36,0,20,0,0,0,0,0,0,0,0,0,4,0,0,0,0,0,6.0,16
106,2025-03-13,1,O. Chessum,England,Second Row,13.0,Subs,20,0,12,0,0,0,0,0,0,0,1,0,4,0,0,0,0,0,6.0,30
107,2025-03-13,1,J. Crowley,Ireland,Fly-Half,14.0,Subs,22,0,7,1,0,0,0,2,0,0,0,0,1,0,0,1,0,0,6.0,27
108,2025-03-13,1,K. Assiratti,Wales,Prop,8.0,Subs,35,0,7,0,0,0,0,0,0,0,4,0,3,0,0,1,0,0,6.0,17
109,2025-03-13,1,R. Vintcent,Italy,Back Row,12.0,Subs,26,0,27,0,0,0,0,0,0,0,0,0,3,0,0,0,0,0,5.0,19
110,2025-03-13,1,T. Willis,England,Back Row,10.0,Subs,25,0,27,0,0,0,0,0,0,0,1,0,2,0,0,0,0,0,5.0,20
111,2025-03-13,1,O. Jegou,France,Back Row,10.0,Subs,20,0,0,0,0,0,0,0,0,0,1,0,4,0,0,0,0,0,5.0,25
112,2025-03-13,1,N. Le Garrec,France,Scrum-Half,12.0,Subs,31,0,2,0,1,0,0,0,0,0,0,0,3,0,0,0,0,0,5.0,16
113,2025-03-13,1,I. Henderson,Ireland,Second Row,10.0,Subs,19,0,0,0,0,0,0,0,0,0,0,0,5,0,0,0,0,0,5.0,26
114,2025-03-13,1,C. Cunningham-South,England,Back Row,14.0,Subs,20,0,9,1,0,0,0,0,0,0,1,0,2,0,0,1,0,0,4.0,20
115,2025-03-13,1,F. Baxter,England,Prop,9.0,Subs,10,0,0,0,0,0,0,0,0,0,1,0,3,0,0,0,0,0,4.0,40
116,2025-03-13,1,W. Hurd,Scotland,Prop,9.0,Subs,12,0,0,0,0,0,0,0,0,0,2,0,3,0,0,1,0,0,4.0,33
117,2025-03-13,1,M. Page-Relo,Italy,Scrum-Half,10.0,Scrum-Half,62,0,7,0,0,0,0,0,0,0,0,0,3,0,0,0,0,0,3.0,4
118,2025-03-13,1,B. Murray,Wales,Back Three,11.0,Subs,19,0,20,0,0,0,0,0,0,0,0,0,0,0,0,0,0,0,2.0,10
119,2025-03-13,1,C. Healy,Ireland,Prop,9.0,Subs,7,0,5,0,0,0,0,0,0,0,0,0,2,0,0,0,0,0,2.0,28
120,2025-03-13,1,G. Horne,Scotland,Scrum-Half,10.0,Subs,23,0,0,0,0,0,0,0,0,0,0,0,2,0,0,0,0,0,2.0,8
121,2025-03-13,1,J. Heyes,England,Prop,8.0,Subs,23,0,3,0,0,0,0,0,0,0,1,0,1,0,0,0,0,0,2.0,8
122,2025-03-13,1,A. Garbisi,Italy,Scrum-Half,8.0,Subs,18,0,0,0,0,0,0,0,0,0,0,0,2,0,0,0,0,0,2.0,11
123,2025-03-13,1,T. Clarkson,Ireland,Prop,7.0,Subs,22,0,6,0,0,0,0,0,0,0,1,0,1,0,0,0,0,0,2.0,9
124,2025-03-13,1,C. Murray,Ireland,Scrum-Half,11.0,Subs,6,0,0,0,0,0,0,0,0,0,0,0,1,0,0,0,0,0,1.0,16
125,2025-03-13,1,R. Williams,Wales,Scrum-Half,9.0,Subs,10,0,6,0,0,0,0,0,0,0,0,0,1,0,0,0,0,0,1.0,10
129,2025-03-13,1,F. Thomas,Wales,Second Row,9.0,Subs,13,0,16,0,0,0,0,0,0,0,2,0,1,0,0,1,1,0,-2.0,-15
227,2025-03-12,2,L. Cannone,Italy,Back Row,14.4,Back Row,80,1,104,7,0,0,0,0,0,0,3,0,17,2,0,2,0,0,67.0,83
228,2025-03-12,2,L. Bielle-Biarrey,France,Back Three,15.9,Back Three,80,0,110,4,2,2,1,0,0,0,0,0,9,0,0,0,0,0,56.0,70
229,2025-03-12,2,C. Doris,Ireland,Back Row,17.9,Back Row,80,0,80,1,0,1,0,0,0,0,7,0,17,1,0,1,0,0,53.0,66
230,2025-03-12,2,S. Prendergast,Ireland,Fly-Half,12.2,Fly-Half,80,1,22,2,0,0,1,3,2,0,0,0,9,0,0,0,0,0,46.0,57
231,2025-03-12,2,F. Smith,England,Fly-Half,9.4,Fly-Half,80,1,15,1,0,0,2,2,0,0,0,0,9,0,0,0,0,0,39.0,48
232,2025-03-12,2,B. Kinghorn,Scotland,Back Three,17.4,Back Three,80,0,159,4,3,0,0,1,2,0,0,0,1,0,0,0,0,0,38.0,47
233,2025-03-12,2,D. Penaud,France,Back Three,18.6,Back Three,80,0,106,6,0,1,1,0,0,0,0,0,2,0,0,1,0,0,37.0,46
234,2025-03-12,2,T. Freeman,England,Back Three,14.5,Back Three,80,0,58,4,3,1,1,0,0,0,0,0,4,0,0,1,0,0,36.0,45
235,2025-03-12,2,T. Ramos,France,Back Three,19.4,Back Three,80,0,162,3,2,0,0,2,2,0,0,0,0,0,0,2,0,0,34.0,42
236,2025-03-12,2,T. Curry,England,Back Row,15.2,Back Row,80,0,42,3,1,0,0,0,0,0,6,0,11,1,0,0,0,0,34.0,42
237,2025-03-12,2,J. van der Flier,Ireland,Back Row,15.2,Back Row,80,0,30,3,0,0,0,0,0,0,7,0,19,0,0,1,0,0,34.0,42
238,2025-03-12,2,T. Willis,England,Back Row,10.0,Back Row,53,0,37,5,0,0,0,0,0,0,6,0,16,0,0,1,0,0,34.0,64
239,2025-03-12,2,B. Earl,England,Back Row,20.2,Back Row,80,0,85,4,0,0,0,0,0,0,6,0,6,1,0,0,0,0,33.0,41
240,2025-03-12,2,J. Conan,Ireland,Back Row,12.5,Subs,33,0,9,0,0,1,0,0,0,0,4,0,6,1,0,0,0,0,30.0,90
241,2025-03-12,2,R. Henshaw,Ireland,Centre,13.9,Centre,80,0,71,2,0,0,1,0,0,0,0,0,13,0,0,0,0,0,28.0,35
242,2025-03-12,2,G. Alldritt,France,Back Row,19.1,Back Row,80,0,106,1,1,0,0,0,0,0,5,0,8,0,0,0,0,0,27.0,33
243,2025-03-12,2,D. van der Merwe,Scotland,Back Three,19.0,Back Three,70,0,65,5,0,1,0,0,0,0,0,0,6,0,0,1,1,0,26.0,37
244,2025-03-12,2,J. Lowe,Ireland,Back Three,18.4,Back Three,80,0,63,2,1,1,0,0,0,0,0,0,3,0,0,0,0,0,25.0,31
245,2025-03-12,2,T. Beirne,Ireland,Second Row,17.6,Second Row,71,0,15,1,0,0,0,0,0,0,7,0,12,1,0,2,0,0,25.0,35
246,2025-03-12,2,T. Faletau,Wales,Back Row,12.7,Back Row,80,0,73,1,1,0,0,0,0,0,1,0,16,0,0,3,0,0,25.0,31
247,2025-03-12,2,H. Jones,Scotland,Centre,17.9,Centre,80,0,59,3,0,0,0,0,0,0,0,0,3,2,0,0,0,0,24.0,30
248,2025-03-12,2,R. Darge,Scotland,Back Row,15.3,Back Row,80,0,13,0,2,0,0,0,0,0,5,0,15,0,0,1,0,0,24.0,30
249,2025-03-12,2,J. Morgan,Wales,Back Row,17.2,Back Row,80,0,44,3,0,0,0,0,0,0,1,0,13,0,0,1,0,0,23.0,28
250,2025-03-12,2,M. Smith,England,Fly-Half,17.5,Back Three,80,0,140,2,0,0,0,1,0,0,0,0,3,0,0,0,0,0,23.0,28
251,2025-03-12,2,B. White,Scotland,Scrum-Half,14.1,Scrum-Half,80,0,12,2,1,1,0,0,0,0,0,0,7,0,0,1,0,0,23.0,28
252,2025-03-12,2,S. Negri,Italy,Back Row,13.0,Back Row,61,0,40,0,0,0,0,0,0,0,2,0,10,0,1,0,0,0,23.0,37
253,2025-03-12,2,A. Wainwright,Wales,Back Row,16.0,Subs,23,0,40,0,0,1,0,0,0,0,0,0,3,0,0,0,0,0,22.0,95
254,2025-03-12,2,F. Bealham,Ireland,Prop,11.0,Prop,60,0,0,0,0,0,0,0,0,0,4,0,13,1,0,0,0,0,22.0,36
255,2025-03-12,2,M. Itoje,England,Second Row,16.8,Second Row,80,0,8,0,0,0,0,0,0,0,6,0,10,1,0,0,0,0,21.0,26
256,2025-03-12,2,J. Ryan,Ireland,Second Row,12.8,Second Row,65,0,7,0,0,0,0,0,0,0,5,0,11,0,1,2,0,0,21.0,32
257,2025-03-12,2,F. Baxter,England,Prop,9.2,Subs,28,0,22,0,0,1,0,0,0,0,0,0,5,0,0,1,0,0,21.0,75
258,2025-03-12,2,J. Dempsey,Scotland,Back Row,16.4,Back Row,60,0,47,2,0,0,0,0,0,0,3,0,9,0,0,0,0,0,20.0,33
259,2025-03-12,2,B. Murray,Wales,Back Three,11.0,Subs,80,0,50,6,1,0,0,0,0,0,0,0,1,0,0,0,0,0,20.0,25
260,2025-03-12,2,T. Allan,Italy,Fly-Half,11.4,Back Three,74,0,29,0,0,0,0,1,5,0,0,0,2,0,0,1,0,0,20.0,27
261,2025-03-12,2,P. Garbisi,Italy,Fly-Half,17.4,Fly-Half,70,0,34,2,0,0,1,0,0,0,0,0,8,0,0,0,0,0,19.0,27
262,2025-03-12,2,F. Cros,France,Back Row,16.1,Back Row,80,0,18,0,0,0,0,0,0,0,5,0,13,0,0,0,0,0,19.0,23
263,2025-03-12,2,G. Martin,England,Second Row,13.0,Second Row,61,0,15,0,0,0,0,0,0,0,6,0,12,0,0,0,0,0,19.0,31
264,2025-03-12,2,A. Porter,Ireland,Prop,15.3,Prop,69,0,15,0,0,0,0,0,0,0,5,0,12,0,0,0,0,0,18.0,26
265,2025-03-12,2,O. Sleightholme,England,Back Three,13.7,Back Three,80,0,50,5,0,0,0,0,0,0,0,0,3,0,0,0,0,0,18.0,22
266,2025-03-12,2,E. Genge,England,Prop,13.9,Prop,52,0,11,0,1,0,0,0,0,0,6,0,11,0,0,2,0,0,18.0,34
267,2025-03-12,2,D. Fischetti,Italy,Prop,12.8,Prop,66,0,23,1,0,0,0,0,0,0,3,0,11,0,0,0,0,0,18.0,27
268,2025-03-12,2,P. O'Mahony,Ireland,Back Row,10.8,Back Row,52,0,37,0,0,0,0,0,0,0,3,0,7,1,0,0,0,0,18.0,34
269,2025-03-12,2,S. McDowall,Scotland,Centre,8.0,Subs,59,0,29,1,1,0,1,0,0,0,0,0,8,0,0,0,0,0,18.0,30
270,2025-03-12,2,P. Mauvaka,France,Hooker,15.1,Hooker,56,0,25,1,0,0,0,0,0,0,4,0,4,1,0,0,0,0,17.0,30
271,2025-03-12,2,M. Lamaro,Italy,Back Row,15.3,Back Row,66,0,7,0,0,0,0,0,0,0,3,0,9,1,0,0,0,0,17.0,25
272,2025-03-12,2,M. Fagerson,Scotland,Back Row,14.0,Back Row,80,0,32,3,0,0,0,0,0,0,5,0,6,0,0,3,0,0,17.0,21
273,2025-03-12,2,Y. Moefana,France,Centre,12.4,Centre,80,0,46,1,0,0,1,0,0,0,0,0,7,0,0,0,0,0,17.0,21
274,2025-03-12,2,E. Daly,England,Back Three,11.7,Subs,4,0,33,2,0,1,0,0,0,0,0,0,0,0,0,0,0,0,17.0,425
275,2025-03-12,2,E. Meafou,France,Second Row,11.6,Second Row,66,0,41,0,0,0,0,0,0,0,5,0,8,0,0,0,0,0,17.0,25
276,2025-03-12,2,A. Roumat,France,Second Row,11.0,Second Row,50,0,21,1,0,0,0,0,0,0,4,0,2,0,1,0,0,0,17.0,34
277,2025-03-12,2,D. Cherry,Scotland,Hooker,9.6,Hooker,47,0,4,0,0,0,0,0,0,0,2,0,4,2,0,0,0,0,16.0,34
278,2025-03-12,2,F. Thomas,Wales,Second Row,8.9,Subs,80,0,16,0,0,0,0,0,0,0,1,0,9,0,1,2,0,0,16.0,20
279,2025-03-12,2,Z. Fagerson,Scotland,Prop,14.1,Prop,68,0,43,0,0,0,0,0,0,0,5,0,6,0,0,0,0,0,15.0,22
280,2025-03-12,2,N. Cannone,Italy,Second Row,13.0,Second Row,80,0,15,0,0,0,0,0,0,0,3,0,11,0,0,0,0,0,15.0,18
281,2025-03-12,2,L. Cowan-Dickie,England,Hooker,12.3,Hooker,61,0,12,0,0,0,0,0,0,0,6,0,8,0,0,0,0,0,15.0,24
282,2025-03-12,2,C. Nash,Ireland,Back Three,0.0,Unknown,65,0,20,0,0,1,0,0,0,0,0,0,4,0,0,1,0,0,15.0,23
283,2025-03-12,2,J. Gray,Scotland,Second Row,10.4,Second Row,47,0,15,0,1,0,0,0,0,0,2,0,3,0,1,0,0,0,15.0,31
284,2025-03-12,2,A. Capuozzo,Italy,Back Three,15.7,Back Three,80,0,0,0,0,1,0,0,0,0,0,0,5,0,0,1,0,0,14.0,17
285,2025-03-12,2,J. Gros,France,Prop,10.6,Prop,56,0,24,1,0,0,0,0,0,0,4,0,6,0,0,0,0,0,14.0,25
286,2025-03-12,2,J. Dobie,Scotland,Scrum-Half,10.8,Subs,59,0,15,2,0,0,0,0,0,0,0,0,4,1,0,0,0,0,14.0,23
287,2025-03-12,2,M. Page-Relo,Italy,Scrum-Half,9.7,Scrum-Half,69,0,29,2,0,0,0,0,0,0,0,1,1,0,0,0,0,0,14.0,20
288,2025-03-12,2,P. Barassi,France,Centre,12.5,Centre,80,0,55,0,1,0,0,0,0,0,0,0,6,0,0,0,0,0,13.0,16
289,2025-03-12,2,G. Nicotera,Italy,Hooker,13.4,Hooker,52,0,0,0,0,0,0,0,0,0,2,0,11,0,0,1,0,0,12.0,23
290,2025-03-12,2,J. Botham,Wales,Back Row,11.4,Back Row,57,0,27,0,0,0,0,0,0,0,1,0,4,1,0,0,0,0,12.0,21
291,2025-03-12,2,T. Jordan,Scotland,Fly-Half,11.3,Centre,80,0,34,0,1,0,0,0,0,0,0,0,6,0,0,0,0,0,11.0,13
292,2025-03-12,2,J. Ritchie,Scotland,Back Row,12.1,Subs,20,0,16,0,0,0,0,0,0,0,2,0,3,1,0,0,0,0,11.0,55
293,2025-03-12,2,W. Stuart,England,Prop,9.2,Prop,58,0,0,0,0,0,0,0,0,0,6,0,5,0,0,0,0,0,11.0,18
294,2025-03-12,2,D. Sheehan,Ireland,Hooker,18.4,Subs,40,0,2,0,0,0,0,0,0,0,4,0,7,0,0,1,0,0,10.0,25
295,2025-03-12,2,H. Keenan,Ireland,Back Three,13.7,Back Three,80,0,25,1,0,0,1,0,0,0,0,0,2,0,0,0,0,0,10.0,12
296,2025-03-12,2,J. Gibson-Park,Ireland,Scrum-Half,17.0,Scrum-Half,69,0,7,0,0,0,1,0,0,0,0,0,5,0,0,0,0,0,9.0,13
297,2025-03-12,2,P. Boudehent,France,Back Row,12.9,Back Row,50,0,25,0,0,0,0,0,0,0,4,0,4,0,0,1,0,0,9.0,18
298,2025-03-12,2,F. Ruzza,Italy,Second Row,13.9,Second Row,61,0,6,1,0,0,0,0,0,0,2,0,5,0,0,0,0,0,9.0,14
299,2025-03-12,2,A. Mitchell,England,Scrum-Half,13.8,Scrum-Half,80,0,59,1,0,0,0,0,0,0,0,0,2,0,0,0,0,0,9.0,11
300,2025-03-12,2,P. Schoeman,Scotland,Prop,12.9,Subs,33,0,32,2,0,0,0,0,0,0,3,0,0,0,0,1,0,0,9.0,27
301,2025-03-12,2,R. Baird,Ireland,Back Row,12.4,Subs,19,0,14,1,0,0,0,0,0,0,2,0,4,0,0,0,0,0,9.0,47
302,2025-03-12,2,M. Zuliani,Italy,Back Row,10.4,Subs,14,0,0,0,0,0,0,0,0,0,0,0,4,1,0,0,0,0,9.0,64
303,2025-03-12,2,G. Gilchrist,Scotland,Second Row,11.5,Second Row,68,0,14,0,0,0,0,0,0,0,5,0,3,0,0,0,0,0,9.0,13
304,2025-03-12,2,S. Ferrari,Italy,Prop,9.7,Prop,52,0,4,0,0,0,0,0,0,0,2,0,7,0,0,0,0,0,9.0,17
305,2025-03-12,2,T. Menoncello,Italy,Centre,15.8,Centre,80,0,10,0,0,0,0,0,0,0,0,0,8,0,0,1,0,0,8.0,10
306,2025-03-12,2,M. Ioane,Italy,Back Three,15.8,Back Three,80,0,31,1,0,0,0,0,0,0,0,0,3,0,0,0,0,0,8.0,10
307,2025-03-12,2,E. Ashman,Scotland,Hooker,13.4,Subs,33,0,19,1,0,0,0,0,0,0,3,0,2,0,0,0,0,0,8.0,24
308,2025-03-12,2,R. Kelleher,Ireland,Hooker,13.4,Hooker,41,0,0,0,0,0,0,0,0,0,3,0,5,0,0,0,0,0,8.0,19
309,2025-03-12,2,E. Dee,Wales,Hooker,12.4,Subs,35,0,24,0,0,0,0,0,0,0,0,0,6,0,0,0,0,0,8.0,22
310,2025-03-12,2,O. Jegou,France,Back Row,10.1,Subs,30,0,22,1,0,0,0,0,0,0,1,0,3,0,0,0,0,0,8.0,26
311,2025-03-12,2,W. Rowlands,Wales,Second Row,10.9,Second Row,57,0,33,0,0,0,0,0,0,0,1,0,5,0,0,1,0,0,8.0,14
312,2025-03-12,2,U. Atonio,France,Prop,11.1,Prop,56,0,15,0,1,0,0,0,0,0,4,0,2,0,0,1,0,0,8.0,14
313,2025-03-12,2,D. Edwards,Wales,Fly-Half,11.0,Subs,32,0,29,3,0,0,0,0,0,0,0,0,0,0,0,0,0,0,8.0,25
314,2025-03-12,2,R. Sutherland,Scotland,Prop,9.3,Prop,47,0,25,0,0,0,0,0,0,0,2,0,4,0,0,0,0,0,8.0,17
315,2025-03-12,2,E. Lloyd,Wales,Hooker,8.2,Hooker,45,0,27,1,1,0,0,0,0,0,1,0,2,0,0,1,0,0,8.0,17
316,2025-03-12,2,C. Baille,France,Prop,13.0,Subs,24,0,6,0,0,0,0,0,0,0,1,0,6,0,0,0,0,0,7.0,29
317,2025-03-12,2,R. Vintcent,Italy,Back Row,12.0,Subs,19,0,2,0,0,0,0,0,0,0,1,0,6,0,0,0,0,0,7.0,36
318,2025-03-12,2,G. Lucchesi,Italy,Hooker,13.2,Subs,28,0,8,1,0,0,0,0,0,0,1,0,4,0,0,0,0,0,7.0,25
319,2025-03-12,2,G. Thomas,Wales,Prop,11.5,Prop,45,0,5,0,0,0,0,0,0,0,1,0,6,0,0,0,0,0,7.0,15
320,2025-03-12,2,E. James,Wales,Centre,8.8,Centre,80,0,46,0,0,0,0,0,0,0,0,0,3,0,0,0,0,0,7.0,8
321,2025-03-12,2,B. Aki,Ireland,Centre,15.7,Centre,57,0,18,0,0,0,0,0,0,0,0,0,7,0,0,2,0,0,6.0,10
322,2025-03-12,2,H. Slade,England,Centre,12.0,Centre,76,0,36,0,0,0,0,0,0,0,0,0,3,0,0,0,0,0,6.0,7
323,2025-03-12,2,T. Rogers,Wales,Back Three,11.0,Back Three,61,0,0,1,0,0,0,0,0,0,0,0,5,0,0,1,0,0,6.0,9
324,2025-03-12,2,C. Healy,Ireland,Prop,9.1,Subs,11,0,6,0,1,0,0,0,0,0,2,0,2,0,0,0,0,0,6.0,54
325,2025-03-12,2,T. Clarkson,Ireland,Prop,7.0,Subs,20,0,0,0,0,0,0,0,0,0,3,0,3,0,0,0,0,0,6.0,30
326,2025-03-12,2,D. Graham,Scotland,Back Three,17.0,Back Three,21,0,15,0,0,0,0,0,0,0,0,0,4,0,0,0,0,0,5.0,23
327,2025-03-12,2,O. Chessum,England,Second Row,13.1,Subs,19,0,18,1,0,0,0,0,0,0,0,0,2,0,0,0,0,0,5.0,26
328,2025-03-12,2,B. Thomas,Wales,Centre,13.1,Fly-Half,48,0,7,1,0,0,0,0,1,0,0,0,1,0,0,1,0,0,5.0,10
329,2025-03-12,2,J. Brex,Italy,Centre,14.3,Centre,80,0,14,0,0,0,0,0,0,0,0,0,4,0,0,0,0,0,5.0,6
330,2025-03-12,2,H. Auradou,France,Second Row,8.2,Subs,30,0,4,0,0,0,0,0,0,0,1,0,5,0,0,1,0,0,5.0,16
331,2025-03-12,2,J. Marchand,France,Hooker,13.8,Subs,24,0,5,0,0,0,0,0,0,0,1,0,3,0,0,0,0,0,4.0,16
332,2025-03-12,2,J. Heyes,England,Prop,8.0,Subs,22,0,0,0,0,0,0,0,0,0,0,0,4,0,0,0,0,0,4.0,18
333,2025-03-12,2,G. Brown,Scotland,Back Row,7.7,Subs,33,0,9,0,0,0,0,0,0,0,3,0,2,0,0,1,0,0,4.0,12
334,2025-03-12,2,J. George,England,Hooker,14.7,Subs,19,0,18,1,0,0,0,0,0,0,0,0,0,0,0,0,0,0,3.0,15
335,2025-03-12,2,T. Williams,Wales,Scrum-Half,14.7,Scrum-Half,67,0,2,1,0,0,0,0,0,0,0,0,1,0,0,0,0,0,3.0,4
336,2025-03-12,2,C. Murray,Ireland,Scrum-Half,11.0,Subs,11,0,0,1,0,0,0,0,0,0,0,0,1,0,0,0,0,0,3.0,27
337,2025-03-12,2,T. Williams,Wales,Second Row,0.0,Unknown,23,0,23,0,0,0,0,0,0,0,0,0,1,0,0,0,0,0,3.0,13
338,2025-03-12,2,M. Guillard,France,Second Row,8.5,Subs,14,0,0,0,0,0,0,0,0,0,0,0,3,0,0,0,0,0,3.0,21
339,2025-03-12,2,J. Trulla,Italy,Back Three,10.8,Subs,16,0,0,0,0,0,0,0,0,0,0,0,3,0,0,0,0,0,3.0,18
340,2025-03-12,2,K. Assiratti,Wales,Prop,8.1,Subs,35,0,9,0,0,0,0,0,0,0,0,0,4,0,0,1,0,0,3.0,8
341,2025-03-12,2,H. Thomas,Wales,Prop,7.7,Prop,45,0,15,0,0,0,0,0,0,0,1,0,3,0,0,2,0,0,3.0,6
342,2025-03-12,2,B. Curry,England,Back Row,13.2,Subs,27,0,4,0,0,0,0,0,0,0,0,0,2,0,0,0,0,0,2.0,7
343,2025-03-12,2,G. Ringrose,Ireland,Centre,13.9,Subs,23,0,0,0,0,0,0,0,0,0,0,0,2,0,0,0,0,0,2.0,8
344,2025-03-12,2,N. Tompkins,Wales,Centre,13.1,Centre,69,0,16,0,0,0,0,0,0,0,0,0,1,0,0,0,0,0,2.0,2
345,2025-03-12,2,J. Adams,Wales,Back Three,12.5,Back Three,70,0,24,3,0,0,0,0,0,0,0,0,0,0,0,1,1,0,2.0,2
346,2025-03-12,2,S. Skinner,Scotland,Second Row,10.0,Subs,12,0,0,0,0,0,0,0,0,0,0,0,2,0,0,0,0,0,2.0,16
347,2025-03-12,2,N. Smith,Wales,Prop,7.4,Subs,35,0,18,0,0,0,0,0,0,0,0,0,1,0,0,0,0,0,2.0,5
348,2025-03-12,2,F. Russell,Scotland,Fly-Half,19.5,Fly-Half,21,0,2,0,0,0,0,0,0,0,0,0,1,0,0,0,0,0,1.0,4
349,2025-03-12,2,N. Le Garrec,France,Scrum-Half,12.0,Subs,14,0,1,0,0,0,0,0,0,0,0,0,1,0,0,0,0,0,1.0,7
350,2025-03-12,2,J. Hathaway,Wales,Back Three,0.0,Unknown,30,0,4,0,0,0,0,0,0,0,0,0,1,0,0,0,0,0,1.0,3
351,2025-03-12,2,A. Garbisi,Italy,Scrum-Half,8.0,Subs,11,0,0,0,0,0,0,0,0,0,0,0,1,0,0,0,0,0,1.0,9
355,2025-03-12,2,W. Hurd,Scotland,Prop,7.2,Subs,12,0,2,0,0,0,0,0,0,0,0,0,0,0,0,1,0,0,-1.0,-8
356,2025-03-12,2,D. Lamb,Italy,Second Row,8.5,Subs,17,0,0,0,0,0,0,0,0,0,1,0,4,0,0,2,1,0,-2.0,-11
454,2025-03-12,3,D. van der Merwe,Scotland,Back Three,19.1,Back Three,80,1,140,5,3,1,1,0,0,0,0,0,3,0,0,0,0,0,62.0,77
455,2025-03-12,3,L. Barre,France,Back Three,11.5,Back Three,80,0,164,6,3,2,0,0,0,0,0,0,2,0,0,0,0,0,56.0,70
456,2025-03-12,3,G. Alldritt,France,Back Row,19.1,Back Row,48,0,62,4,1,1,0,0,0,0,0,0,7,2,0,1,0,0,47.0,97
457,2025-03-12,3,B. Murray,Wales,Back Three,11.4,Back Three,80,0,103,11,2,0,1,0,0,0,0,0,5,0,0,0,0,0,45.0,56
458,2025-03-12,3,B. Kinghorn,Scotland,Back Three,17.7,Back Three,80,0,181,7,3,0,1,0,0,0,0,0,3,0,0,1,0,0,44.0,55
459,2025-03-12,3,T. Attissogbe,France,Back Three,12.0,Back Three,80,0,88,3,2,1,1,0,0,0,0,0,10,0,0,0,0,0,42.0,52
460,2025-03-12,3,Y. Moefana,France,Centre,12.3,Centre,80,0,115,4,4,0,1,0,0,0,0,0,8,0,0,0,0,0,39.0,48
461,2025-03-12,3,T. Menoncello,Italy,Centre,15.2,Centre,80,0,68,4,0,1,0,0,0,0,0,0,15,0,0,1,0,0,38.0,47
462,2025-03-12,3,J. Conan,Ireland,Back Row,13.4,Back Row,44,0,59,0,1,1,0,0,0,0,1,0,10,1,0,0,0,0,38.0,86
463,2025-03-12,3,L. Bielle-Biarrey,France,Back Three,17.4,Back Three,80,0,84,2,0,1,3,0,0,0,0,0,3,0,0,0,0,0,37.0,46
464,2025-03-12,3,J. Morgan,Wales,Back Row,17.0,Back Row,80,0,49,1,1,1,0,0,0,0,1,0,14,0,0,1,0,0,37.0,46
465,2025-03-12,3,S. Prendergast,Ireland,Fly-Half,13.3,Fly-half,80,0,14,1,1,0,0,1,5,0,0,1,8,0,0,0,0,0,37.0,46
466,2025-03-12,3,T. Ramos,France,Back Three,19.6,Fly-half,68,0,67,2,3,0,0,8,0,0,0,0,4,0,0,0,0,0,36.0,52
467,2025-03-12,3,B. Earl,England,Back Row,20.4,Back Row,80,0,64,3,0,0,0,0,0,0,2,0,17,1,0,2,0,0,34.0,42
468,2025-03-12,3,J. Gibson-Park,Ireland,Scrum-Half,16.6,Scrum-half,78,1,9,1,0,0,1,0,0,0,0,0,7,1,0,0,0,0,33.0,42
469,2025-03-12,3,P. Garbisi,Italy,Fly-Half,17.1,Fly-half,80,0,44,2,1,1,0,1,0,0,0,0,9,0,0,0,0,0,31.0,38
470,2025-03-12,3,M. Guillard,France,Second Row,8.6,Second Row,48,0,47,1,1,1,0,0,0,0,0,0,3,1,0,0,0,0,31.0,64
471,2025-03-12,3,J. Osborne,Ireland,Centre,8.7,Back Three,80,0,74,2,1,1,0,0,0,0,0,0,6,0,0,0,0,0,29.0,36
472,2025-03-12,3,T. Jordan,Scotland,Fly-Half,11.2,Centre,80,0,93,5,0,0,1,0,0,0,0,0,5,0,0,1,0,0,27.0,33
473,2025-03-12,3,J. Brex,Italy,Centre,13.6,Centre,80,0,36,0,0,1,1,0,0,0,0,0,10,0,0,1,0,0,26.0,32
474,2025-03-12,3,J. Ritchie,Scotland,Back Row,12.4,Back Row,80,0,20,0,0,0,0,0,0,0,1,0,9,3,0,1,0,0,26.0,32
475,2025-03-12,3,F. Smith,England,Fly-Half,10.7,Fly-half,80,0,31,2,0,0,0,0,1,0,0,0,16,0,0,0,0,0,26.0,32
476,2025-03-12,3,P. O'Mahony,Ireland,Back Row,0.0,Unknown,80,0,34,1,0,0,0,0,0,0,2,0,19,0,0,0,0,0,26.0,32
477,2025-03-12,3,E. Mee,Wales,Back Three,10.6,Back Three,80,0,109,6,1,0,0,0,0,0,0,0,1,0,0,1,0,0,24.0,30
478,2025-03-12,3,P. Boudehent,France,Back Row,12.8,Back Row,48,0,21,1,0,1,0,0,0,0,0,0,5,0,0,1,0,0,23.0,47
479,2025-03-12,3,P. Barassi,France,Centre,12.2,Centre,80,0,81,1,0,1,0,0,0,0,0,0,3,0,0,0,0,0,23.0,28
480,2025-03-12,3,H. Jones,Scotland,Centre,17.7,Centre,64,0,74,0,1,1,0,0,0,0,0,0,4,0,0,1,0,0,22.0,34
481,2025-03-12,3,T. Freeman,England,Back Three,15.2,Back Three,80,0,17,0,0,1,0,0,0,0,0,0,11,0,0,0,0,0,22.0,27
482,2025-03-12,3,A. Capuozzo,Italy,Back Three,15.4,Back Three,80,0,58,4,1,0,0,0,0,0,0,0,7,0,0,0,0,0,22.0,27
483,2025-03-12,3,P. Mauvaka,France,Hooker,15.2,Hooker,48,0,26,0,0,1,0,0,0,0,0,0,5,0,0,0,0,0,22.0,45
484,2025-03-12,3,T. Faletau,Wales,Back Row,12.9,Back Row,80,0,78,2,1,0,0,0,0,0,1,0,8,0,0,1,0,0,21.0,26
485,2025-03-12,3,M. Llewellyn,Wales,Centre,11.0,Centre,80,0,60,3,0,0,0,0,0,0,0,0,9,0,0,0,0,0,21.0,26
486,2025-03-12,3,W. Rowlands,Wales,Second Row,10.8,Second Row,72,0,34,2,0,0,0,0,0,0,1,0,6,0,1,0,0,0,21.0,29
487,2025-03-12,3,T. Rogers,Wales,Back Three,10.8,Back Three,63,0,39,0,2,1,0,0,0,0,0,0,4,0,0,0,0,0,21.0,33
488,2025-03-12,3,K. Rowe,Scotland,Back Three,9.7,Back Three,80,0,62,6,1,0,0,0,0,0,0,0,2,0,0,1,0,0,21.0,26
489,2025-03-12,3,M. Smith,England,Fly-Half,17.3,Back Three,80,0,81,1,0,0,0,1,2,0,0,0,3,0,0,1,0,0,20.0,25
490,2025-03-12,3,J. Lowe,Ireland,Back Three,18.3,Back Three,80,0,68,1,2,0,1,0,0,0,0,0,3,0,0,0,0,0,19.0,23
491,2025-03-12,3,T. Reffell,Wales,Back Row,17.1,Back Row,56,0,16,0,0,0,0,0,0,0,1,0,17,0,0,0,0,0,19.0,33
492,2025-03-12,3,M. Itoje,England,Second Row,16.9,Second Row,80,0,5,0,0,0,0,0,0,0,2,0,13,1,0,1,0,0,19.0,23
493,2025-03-12,3,M. Lamaro,Italy,Back Row,15.4,Back Row,62,0,23,0,0,0,0,0,0,0,3,0,14,0,0,0,0,0,19.0,30
494,2025-03-12,3,B. White,Scotland,Scrum-Half,14.3,Scrum-half,64,0,22,0,0,1,0,0,0,0,0,0,7,0,0,0,0,0,19.0,29
495,2025-03-12,3,B. Curry,England,Back Row,13.0,Subs,44,0,1,0,0,0,0,0,0,0,1,0,13,1,0,0,0,0,19.0,43
496,2025-03-12,3,B. Thomas,Wales,Centre,12.8,Centre,80,0,65,1,1,0,0,0,0,0,0,0,9,0,0,0,0,0,19.0,23
497,2025-03-12,3,J. McCarthy,Ireland,Second Row,13.4,Second Row,55,0,27,3,1,0,0,0,0,0,2,0,8,0,0,1,0,0,19.0,34
498,2025-03-12,3,F. Ruzza,Italy,Second Row,13.6,Second Row,80,0,29,1,0,0,1,0,0,0,3,0,9,0,0,1,0,0,19.0,23
499,2025-03-12,3,D. Sheehan,Ireland,Hooker,18.2,Hooker,74,0,34,1,0,0,0,0,0,0,2,0,11,0,0,0,0,0,18.0,24
500,2025-03-12,3,J. George,England,Hooker,14.6,Subs,35,0,8,0,0,0,0,0,0,0,0,0,13,1,0,0,0,0,18.0,51
501,2025-03-12,3,R. Henshaw,Ireland,Centre,14.3,Centre,80,0,46,0,1,0,0,0,0,0,0,0,13,0,0,1,0,0,18.0,22
502,2025-03-12,3,S. Negri,Italy,Back Row,13.3,Back Row,67,0,39,0,0,0,0,0,0,0,1,0,14,0,0,1,0,0,17.0,25
503,2025-03-12,3,G. Lucchesi,Italy,Hooker,13.2,Hooker,46,0,19,2,0,0,0,0,0,0,1,0,11,0,0,0,0,0,17.0,36
504,2025-03-12,3,T. Beirne,Ireland,Second Row,17.6,Second Row,80,0,7,0,0,0,0,0,0,0,2,0,15,0,0,1,0,0,16.0,20
505,2025-03-12,3,A. Porter,Ireland,Prop,15.4,Prop,70,0,19,0,1,0,0,0,0,0,2,0,13,0,0,2,0,0,16.0,22
506,2025-03-12,3,N. Cannone,Italy,Second Row,12.8,Second Row,73,0,12,0,0,0,0,0,0,0,3,0,13,0,0,1,0,0,16.0,21
507,2025-03-12,3,G. Anscombe,Wales,Fly-Half,12.0,Fly-half,52,0,26,1,0,0,0,1,2,0,0,0,4,0,0,0,0,0,16.0,30
508,2025-03-12,3,H. Slade,England,Centre,11.7,Centre,80,0,41,0,0,0,0,0,0,0,0,0,12,0,0,0,0,0,16.0,20
509,2025-03-12,3,S. McDowall,Scotland,Centre,8.7,Subs,16,0,58,4,1,0,0,0,0,0,0,0,1,0,0,0,0,0,16.0,100
510,2025-03-12,3,F. Cros,France,Back Row,16.1,Back Row,80,0,21,0,0,0,0,0,0,0,4,0,9,0,0,0,0,0,15.0,18
511,2025-03-12,3,J. van der Flier,Ireland,Back Row,15.8,Back Row,80,0,25,0,0,0,0,0,0,0,2,0,12,0,0,1,0,0,15.0,18
512,2025-03-12,3,J. Evans,Wales,Fly-Half,11.0,Subs,28,0,24,5,1,0,0,0,0,0,0,0,2,0,0,1,0,0,15.0,53
513,2025-03-12,3,O. Chessum,England,Second Row,13.1,Second Row,80,0,17,0,0,0,0,0,0,0,2,0,13,0,0,2,0,0,14.0,17
514,2025-03-12,3,W. John,Wales,Prop,7.8,Prop,52,0,23,0,1,0,0,0,0,0,1,0,10,0,0,1,0,0,14.0,26
515,2025-03-12,3,T. Curry,England,Back Row,15.8,Back Row,47,0,5,0,0,0,0,0,0,0,2,0,6,1,0,0,0,0,13.0,27
516,2025-03-12,3,D. Jenkins,Wales,Second Row,15.3,Second Row,80,0,27,0,0,0,0,0,0,0,1,0,11,0,0,1,0,0,13.0,16
517,2025-03-12,3,M. Fagerson,Scotland,Back Row,13.9,Subs,26,0,34,3,0,0,0,0,0,0,0,0,4,0,0,0,0,0,13.0,50
518,2025-03-12,3,J. Marchand,France,Hooker,13.7,Subs,32,0,9,1,0,0,0,0,0,0,4,0,2,1,0,0,0,0,13.0,40
519,2025-03-12,3,E. Genge,England,Prop,14.1,Prop,58,0,25,0,0,0,0,0,0,0,2,0,9,0,0,0,0,0,13.0,22
520,2025-03-12,3,E. Daly,England,Back Three,12.5,Subs,35,0,48,2,1,0,0,0,0,0,0,0,3,0,0,0,0,0,13.0,37
521,2025-03-12,3,M. Zuliani,Italy,Back Row,10.7,Subs,32,0,7,1,0,0,0,0,0,0,2,0,5,1,0,1,0,0,13.0,40
522,2025-03-12,3,W. Stuart,England,Prop,9.3,Prop,71,0,16,0,0,0,0,0,0,0,2,0,10,0,0,0,0,0,13.0,18
523,2025-03-12,3,R. Darge,Scotland,Back Row,15.5,Back Row,80,0,16,0,0,0,0,0,0,0,1,0,11,0,0,1,0,0,12.0,15
524,2025-03-12,3,L. Cowan-Dickie,England,Hooker,12.3,Hooker,45,0,6,0,0,0,0,0,0,0,2,0,10,0,0,0,0,0,12.0,26
525,2025-03-12,3,O. Jegou,France,Back Row,10.3,Subs,32,0,25,0,1,0,0,0,0,0,4,0,4,0,0,0,0,0,12.0,37
526,2025-03-12,3,S. Gesi,Italy,Back Three,11.1,Back Three,80,0,51,1,0,0,0,0,0,0,0,0,5,0,0,0,0,0,12.0,15
527,2025-03-12,3,R. Taofifenua,France,Second Row,9.6,Subs,32,0,23,0,3,0,0,0,0,0,4,0,1,0,0,1,0,0,12.0,37
528,2025-03-12,3,L. Cannone,Italy,Back Row,16.3,Back Row,54,0,37,0,0,0,0,0,0,0,1,0,8,0,0,1,0,0,11.0,20
529,2025-03-12,3,B. Aki,Ireland,Centre,15.3,Subs,29,0,11,1,0,0,0,0,0,0,0,0,4,1,0,1,0,0,11.0,37
530,2025-03-12,3,C. Cunningham-South,England,Back Row,12.7,Subs,33,0,17,1,0,0,0,0,0,0,0,0,9,0,0,1,0,0,11.0,33
531,2025-03-12,3,A. Jelonch,France,Back Row,11.5,Subs,32,0,6,0,1,0,1,0,0,0,4,0,2,0,0,1,0,0,11.0,34
532,2025-03-12,3,J. Gray,Scotland,Second Row,10.8,Second Row,61,0,10,0,1,0,0,0,0,0,1,0,7,0,0,0,0,0,11.0,18
533,2025-03-12,3,F. Russell,Scotland,Fly-Half,19.1,Fly-half,80,0,42,2,0,0,0,0,0,0,0,0,2,0,0,0,0,0,10.0,12
534,2025-03-12,3,J. Dempsey,Scotland,Back Row,16.6,Back Row,54,0,52,1,0,0,0,0,0,0,1,0,3,0,0,1,0,0,10.0,18
535,2025-03-12,3,Z. Fagerson,Scotland,Prop,14.0,Prop,77,0,32,0,0,0,0,0,0,0,1,0,7,0,0,1,0,0,10.0,12
536,2025-03-12,3,M. Hansen,Ireland,Back Three,13.8,Back Three,73,0,28,0,0,0,0,0,0,0,0,0,8,0,0,0,0,0,10.0,13
537,2025-03-12,3,T. Willis,England,Back Row,11.3,Back Row,36,0,27,0,0,0,0,0,0,0,1,0,8,0,0,1,0,0,10.0,27
538,2025-03-12,3,M. Lucu,France,Scrum-Half,10.6,Subs,12,0,23,3,0,0,0,1,0,0,0,0,0,0,0,0,0,0,10.0,83
539,2025-03-12,3,M. Spagnolo,Italy,Prop,8.0,Subs,63,0,8,0,0,0,0,0,0,0,2,0,9,0,0,1,0,0,10.0,15
540,2025-03-12,3,R. Vintcent,Italy,Back Row,12.2,Subs,26,0,18,0,0,0,0,0,0,0,2,0,6,0,0,0,0,0,9.0,34
541,2025-03-12,3,A. Mitchell,England,Scrum-Half,13.3,Scrum-half,61,0,16,0,0,0,1,0,0,0,0,0,5,0,0,1,0,0,9.0,14
542,2025-03-12,3,T. Allan,Italy,Fly-Half,11.8,Back Three,54,0,20,0,0,0,0,2,1,0,0,0,0,0,0,0,0,0,9.0,16
543,2025-03-12,3,T. Flament,France,Second Row,11.5,Second Row,66,0,25,0,0,0,0,0,0,0,3,0,5,0,0,1,0,0,9.0,13
544,2025-03-12,3,G. Gilchrist,Scotland,Second Row,11.4,Second Row,71,0,8,0,0,0,0,0,0,0,1,0,9,0,0,1,0,0,9.0,12
545,2025-03-12,3,M. Page-Relo,Italy,Scrum-Half,9.8,Scrum-half,58,0,15,0,2,0,0,0,0,0,0,0,4,0,0,0,0,0,9.0,15
546,2025-03-12,3,S. Ferrari,Italy,Prop,9.7,Prop,46,0,12,0,0,0,0,0,0,0,1,0,7,0,0,0,0,0,9.0,19
547,2025-03-12,3,A. Garbisi,Italy,Scrum-Half,8.0,Subs,22,0,9,1,0,0,1,0,0,0,0,0,3,0,0,0,0,0,9.0,40
548,2025-03-12,3,E. Dee,Wales,Hooker,12.4,Hooker,74,0,17,0,1,0,0,0,0,0,1,0,6,0,0,2,0,0,8.0,10
549,2025-03-12,3,N. Smith,Wales,Prop,7.3,Prop,49,0,17,0,0,0,0,0,0,0,1,0,6,0,0,0,0,0,8.0,16
550,2025-03-12,3,T. Clarkson,Ireland,Prop,7.2,Prop,49,0,12,1,0,0,0,0,0,0,1,0,6,0,0,2,0,0,8.0,16
551,2025-03-12,3,C. Baille,France,Prop,13.1,Subs,32,0,4,0,0,0,0,0,0,0,4,0,4,0,0,1,0,0,7.0,21
552,2025-03-12,3,T. Williams,Wales,Scrum-Half,8.8,Subs,80,0,13,1,1,0,0,0,0,0,0,0,3,0,0,1,0,0,7.0,8
553,2025-03-12,3,D. Fischetti,Italy,Prop,12.9,Prop,17,0,4,0,0,0,0,0,0,0,1,0,6,0,0,0,0,0,7.0,41
554,2025-03-12,3,R. Baird,Ireland,Back Row,0.0,Unknown,36,0,11,1,0,0,0,0,0,0,1,0,4,0,0,1,0,0,7.0,19
555,2025-03-12,3,J. Trulla,Italy,Back Three,10.8,Subs,26,0,27,2,0,0,0,0,0,0,0,0,1,0,0,0,0,0,7.0,26
556,2025-03-12,3,G. Zilocchi,Italy,Prop,8.7,Subs,34,0,0,0,0,0,0,0,0,0,2,0,5,0,0,0,0,0,7.0,20
557,2025-03-12,3,J. Heyes,England,Prop,8.1,Subs,9,0,0,0,0,0,0,0,0,0,0,0,8,0,0,1,0,0,7.0,77
558,2025-03-12,3,G. Nicotera,Italy,Hooker,13.4,Subs,34,0,10,0,0,0,0,0,0,0,2,0,3,0,0,0,0,0,6.0,17
559,2025-03-12,3,D. Cherry,Scotland,Hooker,10.0,Hooker,54,0,17,0,0,0,0,0,0,0,1,0,5,0,0,1,0,0,6.0,11
560,2025-03-12,3,O. Sleightholme,England,Back Three,13.6,Back Three,45,0,0,0,0,0,0,0,0,0,0,0,5,0,0,0,0,0,5.0,11
561,2025-03-12,3,P. Schoeman,Scotland,Prop,12.9,Prop,71,0,21,0,0,0,0,0,0,0,1,0,3,0,0,1,0,0,5.0,7
562,2025-03-12,3,F. Bealham,Ireland,Prop,11.6,Subs,31,0,9,0,0,0,0,0,0,0,1,0,4,0,0,0,0,0,5.0,16
563,2025-03-12,3,J. Roberts,Wales,Centre,9.6,Subs,17,0,0,0,0,0,0,0,0,0,0,0,5,0,0,0,0,0,5.0,29
564,2025-03-12,3,F. Baxter,England,Prop,10.0,Subs,22,0,4,0,0,0,0,0,0,0,0,0,5,0,0,0,0,0,5.0,22
565,2025-03-12,3,D. Aldegheri,France,Prop,8.7,Subs,32,0,3,0,0,0,0,0,0,0,4,0,1,0,0,0,0,0,5.0,15
566,2025-03-12,3,G. Brown,Scotland,Back Row,7.7,Subs,9,0,12,1,0,0,0,0,0,0,0,0,2,0,0,0,0,0,5.0,55
567,2025-03-12,3,H. Thomas,Wales,Prop,7.6,Subs,28,0,5,0,0,0,0,0,0,0,0,0,5,0,0,0,0,0,5.0,17
568,2025-03-12,3,G. Ringrose,Ireland,Centre,13.7,Centre,35,0,5,0,0,0,0,0,0,0,0,1,6,0,0,1,0,1,4.0,11
569,2025-03-12,3,H. Randall,England,Scrum-Half,11.7,Subs,19,0,2,0,0,0,0,0,0,0,0,0,4,0,0,0,0,0,4.0,21
570,2025-03-12,3,T. Williams,Wales,Second Row,0.0,Unknown,8,0,17,0,1,0,0,0,0,0,0,0,1,0,0,0,0,0,4.0,50
571,2025-03-12,3,J. Gros,France,Prop,10.8,Prop,48,0,11,0,0,0,0,0,0,0,0,0,3,0,0,0,0,0,4.0,8
572,2025-03-12,3,G. McCarthy,Ireland,Hooker,8.7,Subs,6,0,4,0,0,0,0,0,0,0,0,0,4,0,0,0,0,0,4.0,66
573,2025-03-12,3,T. Hill,England,Second Row,6.8,Subs,1,0,0,0,0,0,0,0,0,0,0,0,4,0,0,0,0,0,4.0,400
574,2025-03-12,3,J. Boyle,Ireland,Prop,6.8,Subs,10,0,0,0,0,0,0,0,0,0,0,0,4,0,0,0,0,0,4.0,40
575,2025-03-12,3,A. Wainwright,Wales,Back Row,16.7,Subs,24,0,23,0,0,0,0,0,0,0,0,0,2,0,0,1,0,0,3.0,12
576,2025-03-12,3,G. Thomas,Wales,Prop,11.5,Subs,31,0,10,0,0,0,0,0,0,0,0,0,4,0,0,2,0,0,3.0,9
577,2025-03-12,3,U. Atonio,France,Prop,11.1,Prop,48,0,15,0,0,0,0,0,0,0,0,0,2,0,0,0,0,0,3.0,6
578,2025-03-12,3,J. Dobie,Scotland,Scrum-Half,11.0,Subs,16,0,4,1,0,0,0,0,0,0,0,0,1,0,0,0,0,0,3.0,18
579,2025-03-12,3,J. Ryan,Ireland,Second Row,13.0,Subs,25,0,0,0,0,0,0,0,0,0,0,0,2,0,0,0,0,0,2.0,8
580,2025-03-12,3,A. Roumat,France,Second Row,11.4,Subs,14,0,6,0,0,0,0,0,0,0,1,0,1,0,0,0,0,0,2.0,14
581,2025-03-12,3,J. Crowley,Ireland,Fly-Half,13.8,Subs,7,0,0,0,0,0,0,0,0,0,0,0,1,0,0,0,0,0,1.0,14
582,2025-03-12,3,E. Ashman,Scotland,Hooker,13.4,Subs,26,0,17,0,0,0,0,0,0,0,0,0,2,0,0,2,0,0,1.0,3
583,2025-03-12,3,E. Lloyd,Wales,Hooker,8.4,Subs,6,0,6,0,0,0,0,0,0,0,0,0,1,0,0,0,0,0,1.0,16
584,2025-03-12,3,J. Bhatti,Scotland,Prop,0.0,Unknown,9,0,5,0,0,0,0,0,0,0,0,0,1,0,0,0,0,0,1.0,11
681,2025-03-12,4,B. Kinghorn,Scotland,Back Three,18.2,Back Three,80,1,151,6,4,2,0,0,0,0,0,0,1,0,0,0,0,0,71.0,88
682,2025-03-12,4,T. Jordan,Scotland,Fly-Half,11.9,Centre,80,0,141,5,1,2,0,0,0,0,0,0,7,0,0,1,0,0,52.0,65
683,2025-03-12,4,L. Bielle-Biarrey,France,Back Three,17.7,Back Three,80,1,49,0,0,2,0,0,0,0,0,0,8,0,0,0,0,0,47.0,58
684,2025-03-12,4,O. Chessum,England,Second Row,12.8,Second Row,80,1,73,4,1,0,0,0,0,0,3,0,5,0,1,1,0,0,46.0,57
685,2025-03-12,4,T. Freeman,England,Back Three,15.3,Back Three,80,0,113,5,4,1,0,0,0,0,0,0,4,0,0,0,0,0,43.0,53
686,2025-03-12,4,O. Sleightholme,England,Back Three,13.3,Back Three,80,0,60,5,1,2,0,0,0,0,0,0,1,1,0,1,0,0,43.0,53
687,2025-03-12,4,D. Jenkins,Wales,Second Row,15.0,Second Row,80,0,49,0,0,0,0,0,0,0,3,0,28,0,1,0,0,0,42.0,52
688,2025-03-12,4,T. Faletau,Wales,Back Row,13.0,Back Row,80,0,162,2,0,0,0,0,0,0,3,0,19,0,0,1,0,0,41.0,51
689,2025-03-12,4,T. Willis,England,Back Row,11.5,Back Row,45,0,55,2,1,1,0,0,0,0,1,0,8,1,0,0,0,0,40.0,88
690,2025-03-12,4,J. Morgan,Wales,Back Row,17.7,Back Row,80,0,70,0,0,0,0,0,0,0,3,0,25,1,0,1,0,0,39.0,48
691,2025-03-12,4,T. Menoncello,Italy,Centre,16.0,Centre,80,0,48,4,0,1,0,0,0,0,0,0,7,2,0,0,0,0,39.0,48
692,2025-03-12,4,R. Vintcent,Italy,Back Row,12.3,Back Row,50,0,71,2,1,1,0,0,0,0,0,0,11,0,0,0,0,0,39.0,78
693,2025-03-12,4,B. Thomas,Wales,Centre,12.8,Centre,80,0,44,2,0,1,1,0,0,0,0,0,17,0,0,1,0,0,38.0,47
694,2025-03-12,4,D. Penaud,France,Back Three,18.5,Back Three,80,0,137,3,1,1,0,0,0,0,0,0,6,0,0,0,0,0,37.0,46
695,2025-03-12,4,H. Keenan,Ireland,Back Three,12.9,Back Three,80,0,133,5,1,0,0,0,0,0,0,1,5,0,0,0,0,0,37.0,46
696,2025-03-12,4,T. Williams,Wales,Second Row,9.0,Subs,18,0,12,1,0,1,0,0,0,0,1,0,11,0,1,0,0,0,37.0,205
697,2025-03-12,4,T. Ramos,France,Back Three,20.0,Back Three,80,0,95,1,1,0,1,4,3,0,0,0,3,0,0,1,0,0,36.0,45
698,2025-03-12,4,M. Smith,England,Fly-Half,16.9,Subs,72,0,80,5,0,1,1,0,0,0,0,0,4,0,0,0,0,0,36.0,50
699,2025-03-12,4,J. Dempsey,Scotland,Back Row,16.5,Back Row,80,0,146,3,1,0,0,0,0,0,1,0,13,0,0,0,0,0,36.0,45
700,2025-03-12,4,B. Earl,England,Back Row,20.6,Back Row,71,0,136,0,0,1,0,0,0,0,2,0,5,0,0,1,0,0,34.0,47
701,2025-03-12,4,T. Curry,England,Back Row,15.9,Back Row,56,0,32,1,1,1,1,0,0,0,2,0,6,0,0,0,0,0,34.0,60
702,2025-03-12,4,D. Graham,Scotland,Back Three,16.6,Back Three,66,0,95,2,0,1,1,0,0,0,0,0,6,0,0,0,0,0,33.0,50
703,2025-03-12,4,P. Boudehent,France,Back Row,13.3,Back Row,80,0,62,0,0,1,0,0,0,0,3,0,11,0,0,2,0,0,33.0,41
704,2025-03-12,4,C. Doris,Ireland,Back Row,18.3,Back Row,69,0,98,1,1,0,0,0,0,0,2,0,6,2,0,1,0,0,30.0,43
705,2025-03-12,4,D. Sheehan,Ireland,Hooker,17.8,Hooker,69,0,56,2,0,1,0,0,0,0,2,0,4,0,0,0,0,0,30.0,43
706,2025-03-12,4,B. Murray,Wales,Back Three,13.0,Back Three,80,0,85,4,1,1,0,0,0,0,0,0,4,0,0,2,0,0,30.0,37
707,2025-03-12,4,F. Smith,England,Fly-Half,11.4,Fly-Half,80,0,61,2,0,0,0,6,0,0,0,0,8,0,0,0,0,0,30.0,37
708,2025-03-12,4,S. Prendergast,Ireland,Fly-Half,14.0,Fly-Half,80,0,67,1,2,0,0,3,2,0,0,0,5,0,0,0,0,0,29.0,36
709,2025-03-12,4,D. van der Merwe,Scotland,Back Three,20.2,Back Three,80,0,97,8,1,0,0,0,0,0,0,0,1,0,0,0,0,0,28.0,35
710,2025-03-12,4,J. Conan,Ireland,Back Row,14.5,Subs,31,0,64,1,1,1,0,0,0,0,0,0,2,0,0,0,0,0,27.0,87
711,2025-03-12,4,J. Roberts,Wales,Centre,9.7,Subs,70,0,139,4,0,0,0,0,0,0,0,0,6,0,0,0,0,0,27.0,38
712,2025-03-12,4,F. Russell,Scotland,Fly-Half,18.1,Fly-Half,61,0,11,1,0,0,2,5,0,0,0,0,5,0,0,0,0,0,26.0,42
713,2025-03-12,4,H. Jones,Scotland,Centre,17.7,Centre,80,0,128,1,1,0,1,0,0,0,0,0,7,0,0,1,0,0,26.0,32
714,2025-03-12,4,M. Llewellyn,Wales,Centre,11.2,Centre,80,0,89,3,0,1,0,0,0,0,0,0,3,0,0,1,0,0,26.0,32
715,2025-03-12,4,O. Jegou,France,Back Row,10.6,Subs,33,0,7,0,0,1,0,0,0,0,0,0,11,0,0,0,0,0,26.0,78
716,2025-03-12,4,P. Garbisi,Italy,Fly-Half,17.2,Fly-Half,80,0,13,1,0,0,0,3,1,0,0,0,13,0,0,0,0,0,25.0,31
717,2025-03-12,4,A. Capuozzo,Italy,Back Three,15.5,Back Three,73,0,82,2,0,1,1,0,0,0,0,0,1,0,0,2,0,0,25.0,34
718,2025-03-12,4,M. Fagerson,Scotland,Back Row,14.2,Subs,44,0,27,0,2,0,0,0,0,0,1,0,13,1,0,0,0,0,25.0,56
719,2025-03-12,4,J. Ritchie,Scotland,Back Row,12.7,Back Row,80,0,23,2,0,0,0,0,0,0,1,0,10,2,0,2,0,0,25.0,31
720,2025-03-12,4,J. Marchand,France,Hooker,13.9,Subs,31,0,38,1,1,0,0,0,0,0,2,0,8,0,1,0,0,0,24.0,77
721,2025-03-12,4,B. Curry,England,Back Row,13.3,Subs,35,0,22,1,0,0,1,0,0,0,2,0,4,2,0,1,0,0,23.0,65
722,2025-03-12,4,S. Negri,Italy,Back Row,13.3,Back Row,80,0,40,0,0,0,0,0,0,0,2,0,17,0,0,0,0,0,23.0,28
723,2025-03-12,4,M. Guillard,France,Second Row,10.1,Second Row,49,0,13,1,0,0,0,0,0,0,1,0,14,1,0,0,0,0,23.0,46
724,2025-03-12,4,M. Zuliani,Italy,Back Row,11.1,Subs,30,0,26,8,0,0,0,0,0,0,2,0,2,0,0,0,0,0,22.0,73
725,2025-03-12,4,J. Osborne,Ireland,Centre,9.9,Back Three,80,0,73,4,0,0,0,0,0,0,0,0,6,0,0,0,0,0,21.0,26
726,2025-03-12,4,C. Healy,Ireland,Prop,9.1,Subs,11,0,20,2,0,1,0,0,0,0,0,0,0,0,0,0,0,0,21.0,190
727,2025-03-12,4,E. Daly,England,Back Three,12.7,Back Three,80,0,61,2,1,0,1,0,0,0,0,0,6,0,0,2,0,0,20.0,25
728,2025-03-12,4,C. Baille,France,Prop,13.1,Subs,31,0,10,0,1,0,0,0,0,0,2,0,9,1,0,0,0,0,19.0,61
729,2025-03-12,4,Y. Moefana,France,Centre,13.1,Centre,80,0,57,2,0,0,0,0,0,0,0,0,10,0,0,0,0,0,19.0,23
730,2025-03-12,4,F. Cros,France,Back Row,15.9,Back Row,74,0,0,0,0,0,0,0,0,0,3,0,17,1,0,2,1,0,18.0,24
731,2025-03-12,4,C. Cunningham-South,England,Back Row,12.8,Subs,30,0,32,1,0,0,0,0,0,0,2,0,4,0,1,0,0,0,18.0,60
732,2025-03-12,4,E. Dee,Wales,Hooker,11.9,Hooker,46,0,44,0,0,0,0,0,0,0,1,0,14,0,0,1,0,0,18.0,39
733,2025-03-12,4,J. Gray,Scotland,Second Row,10.9,Second Row,66,0,14,0,2,0,0,0,0,0,0,0,13,0,0,0,0,0,18.0,27
734,2025-03-12,4,R. Henshaw,Ireland,Centre,14.2,Centre,80,0,37,1,0,0,0,0,0,0,0,0,7,1,0,0,0,0,17.0,21
735,2025-03-12,4,D. Fischetti,Italy,Prop,13.0,Prop,60,0,27,2,0,0,0,0,0,0,0,0,11,0,0,0,0,0,17.0,28
736,2025-03-12,4,P. Barassi,France,Centre,12.4,Centre,47,0,41,3,1,0,0,0,0,0,0,0,5,0,0,0,0,0,17.0,36
737,2025-03-12,4,M. Lucu,France,Scrum-Half,11.0,Subs,52,0,16,0,1,0,1,0,0,0,0,0,10,0,0,0,0,0,17.0,32
738,2025-03-12,4,W. Stuart,England,Prop,9.4,Prop,60,0,26,3,1,0,0,0,0,0,2,0,6,0,0,1,0,0,17.0,28
739,2025-03-12,4,N. Smith,Wales,Prop,7.4,Prop,55,0,40,1,0,0,0,0,0,0,1,0,11,0,0,1,0,0,17.0,30
740,2025-03-12,4,G. Thomas,Wales,Prop,11.4,Subs,25,0,5,0,0,0,0,0,0,0,2,0,14,0,0,0,0,0,16.0,64
741,2025-03-12,4,D. Lake,Wales,Hooker,10.0,Subs,34,0,35,0,0,0,0,0,0,0,2,0,11,0,0,0,0,0,16.0,47
742,2025-03-12,4,T. Reffell,Wales,Back Row,17.1,Back Row,42,0,5,0,0,0,0,0,0,0,0,0,15,0,0,0,0,0,15.0,35
743,2025-03-12,4,J. van der Flier,Ireland,Back Row,15.6,Back Row,60,0,45,0,0,0,0,0,0,0,2,0,9,0,0,0,0,0,15.0,25
744,2025-03-12,4,P. Schoeman,Scotland,Prop,12.3,Prop,61,0,58,0,0,0,0,0,0,0,0,0,5,1,0,0,0,0,15.0,24
745,2025-03-12,4,T. Flament,France,Second Row,11.4,Second Row,75,0,18,0,0,0,0,0,0,0,3,0,12,0,0,1,0,0,15.0,20
746,2025-03-12,4,G. Alldritt,France,Back Row,20.0,Back Row,49,0,28,0,0,0,0,0,0,0,1,0,11,0,0,0,0,0,14.0,28
747,2025-03-12,4,M. Itoje,England,Second Row,16.9,Second Row,80,0,39,1,0,0,0,0,0,0,3,0,8,0,0,2,0,0,14.0,17
748,2025-03-12,4,J. George,England,Hooker,15.0,Hooker,53,0,23,0,1,0,1,0,0,0,2,0,4,0,0,0,0,0,14.0,26
749,2025-03-12,4,Z. Fagerson,Scotland,Prop,13.6,Prop,61,0,47,0,0,0,0,0,0,0,0,0,12,0,0,2,0,0,14.0,22
750,2025-03-12,4,G. Nicotera,Italy,Hooker,13.3,Hooker,50,0,7,0,1,0,0,0,0,0,0,0,12,0,0,0,0,0,14.0,28
751,2025-03-12,4,N. Cannone,Italy,Second Row,12.7,Second Row,69,0,2,0,0,0,0,0,0,0,2,0,13,0,0,1,0,0,14.0,20
752,2025-03-12,4,F. Bealham,Ireland,Prop,11.6,Prop,59,0,32,1,0,0,0,0,0,0,2,0,7,0,0,0,0,0,14.0,23
753,2025-03-12,4,W. Rowlands,Wales,Second Row,11.3,Second Row,62,0,16,0,0,0,0,0,0,0,2,0,12,0,0,1,0,0,14.0,22
754,2025-03-12,4,D. Cherry,Scotland,Hooker,9.9,Hooker,55,0,46,0,0,0,0,0,0,0,0,0,10,0,0,0,0,0,14.0,25
755,2025-03-12,4,G. Horne,Scotland,Scrum-Half,9.5,Subs,25,0,23,2,1,0,0,0,0,0,0,0,6,0,0,0,0,0,14.0,56
756,2025-03-12,4,A. Wainwright,Wales,Back Row,16.6,Subs,34,0,25,0,0,0,0,0,0,0,2,0,10,0,0,1,0,0,13.0,38
757,2025-03-12,4,T. Beirne,Ireland,Second Row,16.9,Second Row,80,0,19,1,0,0,0,0,0,0,2,0,9,0,0,1,0,0,13.0,16
758,2025-03-12,4,P. Mauvaka,France,Hooker,15.6,Hooker,49,0,21,2,0,0,0,0,0,0,1,0,7,0,0,1,0,0,13.0,26
759,2025-03-12,4,B. Aki,Ireland,Centre,15.5,Centre,55,0,29,1,0,0,0,0,0,0,0,0,9,0,0,0,0,0,13.0,23
760,2025-03-12,4,M. Ioane,Italy,Back Three,14.9,Back Three,80,0,31,2,0,0,1,0,0,0,0,0,2,0,0,0,0,0,13.0,16
761,2025-03-12,4,E. Ashman,Scotland,Hooker,13.1,Subs,25,0,16,0,2,0,0,0,0,0,1,0,7,0,0,0,0,0,13.0,52
762,2025-03-12,4,F. Ruzza,Italy,Second Row,13.6,Second Row,80,0,11,0,0,0,0,0,0,0,2,0,12,0,0,2,0,0,13.0,16
763,2025-03-12,4,A. Mitchell,England,Scrum-Half,13.0,Scrum-Half,63,0,25,2,0,0,1,0,0,0,0,0,3,0,0,0,0,0,13.0,20
764,2025-03-12,4,G. Gilchrist,Scotland,Second Row,11.3,Second Row,80,0,64,1,0,0,0,0,0,0,1,0,6,0,0,2,0,0,13.0,16
765,2025-03-12,4,E. Mee,Wales,Back Three,11.2,Back Three,80,0,64,0,0,0,0,0,0,0,0,0,7,0,0,0,0,0,13.0,16
766,2025-03-12,4,J. Gros,France,Prop,10.6,Prop,49,0,26,0,1,0,0,0,0,0,1,0,9,0,0,1,0,0,13.0,26
767,2025-03-12,4,M. Lamaro,Italy,Back Row,15.6,Back Row,50,0,26,0,0,0,0,0,0,0,0,0,10,0,0,0,0,0,12.0,24
768,2025-03-12,4,G. Anscombe,Wales,Fly-Half,12.3,Fly-Half,55,0,6,0,0,0,1,0,1,0,0,0,5,0,0,0,0,0,12.0,21
769,2025-03-12,4,F. Dingwall,England,Centre,10.4,Centre,73,0,20,1,0,0,0,0,0,0,0,0,8,0,0,0,0,0,12.0,16
770,2025-03-12,4,A. Porter,Ireland,Prop,15.4,Prop,69,0,22,0,0,0,0,0,0,0,2,0,8,0,0,1,0,0,11.0,15
771,2025-03-12,4,J. Brex,Italy,Centre,13.9,Centre,80,0,26,0,0,0,0,0,0,0,0,0,9,0,0,0,0,0,11.0,13
772,2025-03-12,4,J. Evans,Wales,Fly-Half,11.4,Subs,25,0,6,0,0,0,1,3,0,0,0,0,1,0,0,0,0,0,11.0,44
773,2025-03-12,4,R. Ntamack,France,Fly-Half,16.6,Fly-Half,80,0,19,0,0,0,0,0,0,0,0,0,9,0,0,0,0,0,10.0,12
774,2025-03-12,4,U. Atonio,France,Prop,10.9,Prop,49,0,3,0,0,0,0,0,0,0,1,0,9,0,0,0,0,0,10.0,20
775,2025-03-12,4,D. Aldegheri,France,Prop,8.8,Subs,31,0,0,0,0,0,0,0,0,0,2,0,8,0,0,0,0,0,10.0,32
776,2025-03-12,4,E. Genge,England,Prop,14.1,Prop,60,0,22,1,0,0,0,0,0,0,2,0,4,0,0,1,0,0,9.0,15
777,2025-03-12,4,T. Williams,Wales,Scrum-Half,0.0,Unknown,69,0,7,0,0,0,1,0,0,0,0,0,5,0,0,0,0,0,9.0,13
778,2025-03-12,4,A. Jelonch,France,Back Row,11.8,Subs,31,0,13,1,0,0,0,0,0,0,2,0,4,0,0,0,0,0,9.0,29
779,2025-03-12,4,C. Nash,Ireland,Back Three,0.0,Unknown,69,0,64,2,2,0,0,0,0,0,0,0,1,0,0,1,1,0,9.0,13
780,2025-03-12,4,K. Assiratti,Wales,Prop,8.0,Subs,38,0,5,0,0,0,0,0,0,0,3,0,6,0,0,0,0,0,9.0,23
781,2025-03-12,4,J. Crowley,Ireland,Fly-Half,13.8,Subs,25,0,21,0,0,0,1,0,0,0,0,0,2,0,0,0,0,0,8.0,32
782,2025-03-12,4,J. Ryan,Ireland,Second Row,12.8,Subs,23,0,14,0,0,0,0,0,0,0,0,0,2,1,0,0,0,0,8.0,34
783,2025-03-12,4,E. Meafou,France,Second Row,11.7,Subs,31,0,18,1,1,0,0,0,0,0,2,0,3,0,0,2,0,0,8.0,25
784,2025-03-12,4,M. Page-Relo,Italy,Scrum-Half,9.8,Subs,24,0,18,1,0,0,1,0,0,0,0,0,1,0,0,0,0,0,8.0,33
785,2025-03-12,4,W. John,Wales,Prop,8.3,Prop,37,0,12,0,0,0,0,0,0,0,0,0,13,0,0,1,1,0,8.0,21
786,2025-03-12,4,M. Riccioni,Italy,Prop,8.0,Prop,47,0,8,0,0,0,0,0,0,0,0,0,10,0,0,2,0,0,8.0,17
787,2025-03-12,4,L. Cannone,Italy,Back Row,16.2,Subs,30,0,22,0,0,0,0,0,0,0,2,0,3,0,0,0,0,0,7.0,23
788,2025-03-12,4,J. Gibson-Park,Ireland,Scrum-Half,17.2,Scrum-Half,69,0,3,0,1,0,0,0,0,0,0,0,5,0,0,0,0,0,7.0,10
789,2025-03-12,4,J. McCarthy,Ireland,Second Row,13.6,Second Row,47,0,34,1,0,0,0,0,0,0,2,0,6,0,0,1,1,0,7.0,14
790,2025-03-12,4,P. O'Mahony,Ireland,Back Row,0.0,Unknown,49,0,23,0,0,0,0,0,0,0,2,0,3,0,0,0,0,0,7.0,14
791,2025-03-12,4,S. McDowall,Scotland,Centre,9.6,Subs,19,0,33,1,0,0,0,0,0,0,0,0,2,0,0,0,0,0,7.0,36
792,2025-03-12,4,B. White,Scotland,Scrum-Half,14.5,Scrum-Half,55,0,6,1,1,0,0,0,0,0,0,0,2,0,0,0,0,0,6.0,10
793,2025-03-12,4,R. Darge,Scotland,Back Row,15.1,Back Row,36,0,7,0,0,0,0,0,0,0,0,0,6,0,0,1,0,0,5.0,13
794,2025-03-12,4,G. Lucchesi,Italy,Hooker,13.4,Subs,30,0,4,0,0,0,0,0,0,0,2,0,3,0,0,0,0,0,5.0,16
795,2025-03-12,4,S. Varney,Italy,Scrum-Half,10.4,Scrum-Half,56,0,7,0,1,0,0,0,0,0,0,0,3,0,0,0,0,0,5.0,8
796,2025-03-12,4,S. Ferrari,Italy,Prop,9.8,Subs,33,0,0,0,0,0,0,0,0,0,2,0,3,0,0,0,0,0,5.0,15
797,2025-03-12,4,H. Auradou,France,Second Row,8.2,Subs,5,0,0,0,0,0,0,0,0,0,0,0,1,1,0,1,0,0,5.0,100
798,2025-03-12,4,G. Brown,Scotland,Back Row,7.9,Subs,14,0,36,0,0,0,0,0,0,0,1,0,1,0,0,0,0,0,5.0,35
799,2025-03-12,4,R. Baird,Ireland,Back Row,12.5,Subs,31,0,0,0,0,0,0,0,0,0,0,0,4,0,0,0,0,0,4.0,12
800,2025-03-12,4,C. Murray,Ireland,Scrum-Half,11.1,Subs,11,0,8,0,0,0,1,0,0,0,0,0,0,0,0,0,0,0,4.0,36
801,2025-03-12,4,R. Sutherland,Scotland,Prop,9.1,Subs,19,0,23,0,0,0,0,0,0,0,1,0,2,0,0,1,0,0,4.0,21
802,2025-03-12,4,R. Williams,Wales,Scrum-Half,8.8,Subs,11,0,5,0,0,0,0,0,0,0,0,0,4,0,0,0,0,0,4.0,36
803,2025-03-12,4,W. Hurd,Scotland,Prop,7.1,Subs,19,0,31,0,0,0,0,0,0,0,1,0,1,0,0,1,0,0,4.0,21
804,2025-03-12,4,T. Allan,Italy,Fly-Half,11.8,Subs,10,0,7,0,1,0,0,0,0,0,0,0,1,0,0,0,0,0,3.0,30
805,2025-03-12,4,L. Cowan-Dickie,England,Hooker,12.4,Subs,27,0,7,0,0,0,0,0,0,0,1,0,2,0,0,1,0,0,2.0,7
806,2025-03-12,4,K. Rowe,Scotland,Back Three,10.1,Subs,14,0,13,0,0,0,0,0,0,0,0,0,1,0,0,0,0,0,2.0,14
807,2025-03-12,4,F. Baxter,England,Prop,10.1,Subs,20,0,0,0,0,0,0,0,0,0,1,0,3,0,0,2,0,0,2.0,10
808,2025-03-12,4,M. Gallagher,Italy,Back Three,10.4,Back Three,77,0,21,0,0,0,0,0,0,0,0,0,2,0,0,2,0,0,2.0,2
809,2025-03-12,4,J. Heyes,England,Prop,8.5,Subs,20,0,1,0,0,0,0,0,0,0,1,0,1,0,0,0,0,0,2.0,10
810,2025-03-12,4,T. Rogers,Wales,Back Three,11.3,Back Three,10,0,0,0,0,0,0,0,0,0,0,0,1,0,0,0,0,0,1.0,10
811,2025-03-12,4,M. Spagnolo,Italy,Prop,8.2,Subs,20,0,6,0,0,0,0,0,0,0,2,0,1,0,0,2,0,0,1.0,5
812,2025-03-12,4,R. Favretto,Italy,Second Row,7.8,Subs,11,0,0,0,0,0,0,0,0,0,0,0,1,0,0,0,0,0,1.0,9
813,2025-03-12,4,T. Hill,England,Second Row,7.0,Subs,11,0,6,0,0,0,0,0,0,0,0,0,1,0,0,0,0,0,1.0,9
816,2025-03-12,4,T. Clarkson,Ireland,Prop,7.3,Subs,21,0,8,0,0,0,0,0,0,0,0,0,0,0,0,1,0,0,-1.0,-4
908,2025-03-16,5,D. Sheehan,Ireland,Hooker,18.0,Hooker,71,1,54,2,0,3,0,0,0,0,2,0,13,0,0,0,0,0,84.0,118
909,2025-03-16,5,Y. Moefana,France,Centre,13.1,Centre,80,1,79,4,0,2,0,0,0,0,0,0,13,0,0,0,0,0,63.0,78
910,2025-03-16,5,C. Cunningham-South,England,Back Row,13.2,Subs,62,0,41,0,0,2,0,0,0,0,4,0,9,1,0,2,0,0,50.0,80
911,2025-03-16,5,B. Curry,England,Back Row,13.9,Back Row,59,1,40,2,0,0,0,0,0,0,2,0,11,2,0,0,0,0,46.0,77
912,2025-03-16,5,T. Menoncello,Italy,Centre,16.8,Centre,80,0,97,9,2,0,0,0,0,0,0,0,14,0,0,0,0,0,45.0,56
913,2025-03-16,5,H. Pollock,England,Back Row,8.5,Subs,31,0,25,1,0,2,0,0,0,0,3,0,3,0,0,0,0,0,40.0,129
914,2025-03-16,5,B. Thomas,Wales,Centre,13.6,Centre,80,0,65,1,0,2,0,0,0,0,0,0,10,0,0,1,0,0,37.0,46
915,2025-03-16,5,B. Earl,England,Back Row,20.9,Back Row,80,0,82,1,0,0,0,0,0,0,4,0,13,2,0,1,0,0,36.0,45
916,2025-03-16,5,T. Ramos,France,Back Three,20.3,Back Three,80,0,59,1,0,1,0,3,3,0,0,0,4,0,0,0,0,0,36.0,45
917,2025-03-16,5,M. Fagerson,Scotland,Back Row,14.8,Back Row,80,0,91,0,1,0,0,0,0,0,5,0,15,1,0,0,0,0,36.0,45
918,2025-03-16,5,M. Zuliani,Italy,Back Row,12.0,Back Row,80,0,46,1,1,0,0,0,0,0,7,0,15,1,0,1,0,0,34.0,42
919,2025-03-16,5,M. Itoje,England,Second Row,16.6,Second Row,80,0,25,1,0,1,0,0,0,0,4,0,7,1,0,3,0,0,32.0,40
920,2025-03-16,5,R. Ntamack,France,Fly-Half,16.1,Fly-Half,80,0,108,3,1,0,1,0,0,0,0,0,11,0,0,1,0,0,32.0,40
921,2025-03-16,5,F. Russell,Scotland,Fly-Half,18.3,Fly-Half,80,0,55,1,2,0,1,1,3,0,0,0,4,0,0,0,0,0,30.0,37
922,2025-03-16,5,B. Kinghorn,Scotland,Back Three,19.5,Back Three,80,0,205,4,1,0,0,0,0,0,0,0,0,0,0,1,0,0,29.0,36
923,2025-03-16,5,D. Graham,Scotland,Back Three,17.3,Back Three,80,0,92,4,0,1,0,0,0,0,0,0,2,0,0,0,0,0,29.0,36
924,2025-03-16,5,R. Darge,Scotland,Back Row,14.9,Back Row,66,0,13,1,1,0,0,0,0,0,5,0,14,1,0,0,0,0,29.0,43
925,2025-03-16,5,J. Heyes,England,Prop,8.5,Subs,33,0,12,0,0,1,0,0,0,0,3,0,10,0,0,0,0,0,29.0,87
926,2025-03-16,5,T. Freeman,England,Back Three,16.3,Centre,49,0,56,2,0,1,0,0,0,0,0,0,4,1,0,0,0,0,28.0,57
927,2025-03-16,5,F. Smith,England,Fly-Half,12.3,Fly-Half,55,0,11,0,0,0,2,5,0,0,0,0,9,0,0,0,0,0,28.0,50
928,2025-03-16,5,P. Schoeman,Scotland,Prop,12.3,Prop,66,0,57,2,0,0,0,0,0,0,5,0,13,0,0,0,0,0,27.0,40
929,2025-03-16,5,B. Murray,Wales,Back Three,13.4,Back Three,80,0,116,4,1,0,0,0,0,0,0,0,5,0,0,0,0,0,26.0,32
930,2025-03-16,5,G. Lucchesi,Italy,Hooker,13.3,Hooker,80,0,12,0,0,0,0,0,0,0,7,0,18,0,0,0,0,0,26.0,32
931,2025-03-16,5,L. Bielle-Biarrey,France,Back Three,18.3,Back Three,80,0,104,2,1,1,0,0,0,0,0,0,1,0,0,2,0,0,25.0,31
932,2025-03-16,5,P. Garbisi,Italy,Fly-Half,17.1,Fly-Half,80,0,39,1,0,0,1,0,0,0,0,0,16,0,0,0,0,0,25.0,31
933,2025-03-16,5,F. Cros,France,Back Row,15.9,Back Row,80,0,20,1,1,0,0,0,0,0,1,0,18,0,0,0,0,0,25.0,31
934,2025-03-16,5,F. Ruzza,Italy,Second Row,13.3,Second Row,80,0,20,1,0,0,0,0,0,0,7,0,14,0,0,0,0,0,25.0,31
935,2025-03-16,5,D. van der Merwe,Scotland,Back Three,20.2,Back Three,80,0,62,6,2,0,0,0,0,0,0,0,2,0,0,0,0,0,24.0,30
936,2025-03-16,5,J. Morgan,Wales,Back Row,18.1,Back Row,80,0,31,2,0,0,0,0,0,0,2,0,15,0,0,0,0,0,24.0,30
937,2025-03-16,5,Z. Fagerson,Scotland,Prop,13.6,Prop,80,0,61,1,0,0,0,0,0,0,5,0,12,0,0,1,0,0,24.0,30
938,2025-03-16,5,T. Roebuck,England,Back Three,10.2,Back Three,80,0,54,2,1,1,0,0,0,0,0,0,3,0,0,0,0,0,24.0,30
939,2025-03-16,5,J. Conan,Ireland,Back Row,15.3,Back Row,80,0,49,1,0,0,0,0,0,0,3,0,15,0,0,1,0,0,23.0,28
940,2025-03-16,5,M. Hansen,Ireland,Back Three,13.1,Back Three,80,0,59,5,0,0,1,0,0,0,0,0,4,0,0,0,0,0,23.0,28
941,2025-03-16,5,A. Mitchell,England,Scrum-Half,12.9,Scrum-Half,67,0,29,1,0,1,2,0,0,0,0,0,3,0,0,2,0,0,23.0,34
942,2025-03-16,5,W. Stuart,England,Prop,9.8,Prop,47,0,30,0,0,1,0,0,0,0,1,0,4,0,0,0,0,0,23.0,48
943,2025-03-16,5,T. Beirne,Ireland,Second Row,16.6,Second Row,80,0,26,0,0,0,0,0,0,0,3,0,11,0,1,1,0,0,22.0,27
944,2025-03-16,5,M. Ioane,Italy,Back Three,14.6,Back Three,80,0,20,1,0,1,0,0,0,0,0,0,9,0,0,1,0,0,22.0,27
945,2025-03-16,5,T. Willis,England,Back Row,13.1,Subs,21,0,24,3,2,0,1,0,0,0,2,0,4,0,0,0,0,0,22.0,104
946,2025-03-16,5,H. Keenan,Ireland,Back Three,13.6,Back Three,80,0,60,3,0,1,0,0,0,0,0,0,0,0,0,0,0,0,22.0,27
947,2025-03-16,5,G. Fickou,France,Centre,13.4,Centre,80,0,18,2,0,0,2,0,0,0,0,0,10,0,0,1,0,0,22.0,27
948,2025-03-16,5,D. Jenkins,Wales,Second Row,15.9,Second Row,80,0,32,1,0,0,0,0,0,0,2,0,15,0,0,1,0,0,21.0,26
949,2025-03-16,5,T. Flament,France,Second Row,11.5,Second Row,74,0,29,0,0,0,0,0,0,0,1,0,18,0,0,0,0,0,21.0,28
950,2025-03-16,5,C. Doris,Ireland,Back Row,18.5,Back Row,80,0,42,0,0,0,0,0,0,0,3,0,14,0,0,1,0,0,20.0,25
951,2025-03-16,5,T. Jordan,Scotland,Fly-Half,13.9,Centre,80,0,79,4,0,0,0,0,0,0,0,0,7,0,0,2,0,0,20.0,25
952,2025-03-16,5,N. Cannone,Italy,Second Row,12.6,Subs,62,0,23,1,0,0,0,0,0,0,6,0,10,0,0,0,0,0,20.0,32
953,2025-03-16,5,D. Cherry,Scotland,Hooker,10.2,Hooker,58,0,30,0,0,0,0,0,0,0,5,0,9,1,0,2,0,0,20.0,34
954,2025-03-16,5,T. Curry,England,Back Row,16.7,Back Row,80,0,25,2,0,0,0,0,0,0,4,0,9,0,0,0,0,0,19.0,23
955,2025-03-16,5,J. Crowley,Ireland,Fly-Half,13.9,Fly-Half,64,0,37,2,0,0,1,1,0,0,0,0,6,0,0,0,0,0,19.0,29
956,2025-03-16,5,E. Ashman,Scotland,Hooker,13.4,Subs,22,0,52,2,3,0,0,0,0,0,0,0,4,0,0,0,0,0,19.0,86
957,2025-03-16,5,J. Brex,Italy,Centre,13.5,Centre,80,0,85,1,0,0,0,0,0,0,0,0,9,0,0,0,0,0,19.0,23
958,2025-03-16,5,M. Llewellyn,Wales,Centre,11.9,Centre,57,0,75,2,2,0,0,0,0,0,0,0,5,0,0,1,0,0,19.0,33
959,2025-03-16,5,M. Smith,England,Fly-Half,17.7,Back Three,80,0,68,1,1,0,0,4,0,0,0,0,0,0,0,0,0,0,18.0,22
960,2025-03-16,5,E. Genge,England,Prop,13.8,Prop,63,0,33,3,1,0,0,0,0,0,2,0,6,0,0,1,0,0,18.0,28
961,2025-03-16,5,S. Varney,Italy,Scrum-Half,10.2,Subs,35,0,9,1,0,1,0,0,0,0,0,0,6,0,0,0,0,0,18.0,51
962,2025-03-16,5,J. Roberts,Wales,Centre,10.5,Back Three,80,0,77,2,0,0,0,0,0,0,0,0,6,0,0,0,0,0,17.0,21
963,2025-03-16,5,G. Alldritt,France,Back Row,19.8,Back Row,46,0,34,1,0,0,0,0,0,0,1,0,6,1,0,1,0,0,16.0,34
964,2025-03-16,5,J. Ritchie,Scotland,Back Row,12.9,Back Row,69,0,24,1,2,0,0,0,0,0,4,0,7,1,0,3,1,0,16.0,23
965,2025-03-16,5,D. Lake,Wales,Hooker,10.5,Subs,40,0,31,2,0,0,0,0,0,0,1,0,8,0,0,0,0,0,16.0,40
966,2025-03-16,5,G. Brown,Scotland,Back Row,8.1,Second Row,58,0,39,1,0,0,0,0,0,0,5,0,6,0,0,0,0,0,16.0,27
967,2025-03-16,5,H. Jones,Scotland,Centre,17.6,Centre,66,0,67,2,1,0,0,0,0,0,0,0,4,0,0,1,0,0,15.0,22
968,2025-03-16,5,L. Cannone,Italy,Back Row,16.2,Back Row,29,0,40,1,0,0,0,0,0,0,2,0,7,0,0,0,0,0,15.0,51
969,2025-03-16,5,D. Fischetti,Italy,Prop,13.1,Prop,56,0,23,1,0,0,0,0,0,0,5,0,9,0,0,3,0,0,15.0,26
970,2025-03-16,5,J. Evans,Wales,Fly-Half,11.7,Subs,32,0,38,1,1,0,1,1,0,0,0,0,2,0,0,0,0,0,15.0,46
971,2025-03-16,5,J. George,England,Hooker,15.1,Subs,33,0,18,1,0,0,0,0,0,0,3,0,8,0,0,0,0,0,14.0,42
972,2025-03-16,5,J. Marchand,France,Hooker,14.6,Subs,42,0,25,0,0,0,0,0,0,0,1,0,6,1,0,0,0,0,14.0,33
973,2025-03-16,5,G. Ringrose,Ireland,Centre,13.2,Centre,80,0,42,3,0,0,0,0,0,0,0,0,5,0,0,1,0,0,14.0,17
974,2025-03-16,5,M. Lucu,France,Scrum-Half,11.4,Scrum-Half,75,0,0,0,1,0,0,0,0,0,0,0,12,0,0,0,0,0,14.0,18
975,2025-03-16,5,O. Jegou,France,Back Row,11.6,Subs,34,0,11,0,0,0,0,0,0,0,0,0,6,0,1,1,0,0,13.0,38
976,2025-03-16,5,M. Guillard,France,Second Row,10.9,Second Row,46,0,3,0,0,0,0,0,0,0,1,0,7,1,0,0,0,0,13.0,28
977,2025-03-16,5,F. Dingwall,England,Centre,10.4,Centre,80,0,23,0,0,0,0,0,0,0,0,0,11,0,0,0,0,0,13.0,16
978,2025-03-16,5,A. Capuozzo,Italy,Back Three,15.8,Back Three,80,0,26,3,0,0,0,0,0,0,0,0,4,0,0,0,0,0,12.0,15
979,2025-03-16,5,B. White,Scotland,Scrum-Half,14.1,Scrum-Half,66,0,18,1,1,0,0,0,0,0,0,0,7,0,0,0,0,0,12.0,18
980,2025-03-16,5,T. Faletau,Wales,Back Row,13.9,Back Row,52,0,39,2,0,0,0,0,0,0,2,0,3,0,0,0,0,0,12.0,23
981,2025-03-16,5,A. Jelonch,France,Back Row,12.0,Subs,34,0,27,0,0,0,0,0,0,0,0,0,11,0,0,1,0,0,12.0,35
982,2025-03-16,5,G. Gilchrist,Scotland,Second Row,11.3,Second Row,72,0,23,0,0,0,0,0,0,0,5,0,6,0,0,1,0,0,12.0,16
983,2025-03-16,5,S. Ferrari,Italy,Prop,9.8,Prop,56,0,0,0,0,0,0,0,0,0,5,0,7,0,0,0,0,0,12.0,21
984,2025-03-16,5,G. Ford,England,Fly-Half,12.8,Subs,25,0,0,0,0,0,2,0,0,0,0,0,3,0,0,0,0,0,11.0,44
985,2025-03-16,5,E. Daly,England,Back Three,12.7,Back Three,80,0,48,1,0,0,0,0,0,0,0,0,5,0,0,0,0,0,11.0,13
986,2025-03-16,5,F. Bealham,Ireland,Prop,11.8,Prop,46,0,7,0,0,0,0,0,0,0,2,0,9,0,0,0,0,0,11.0,23
987,2025-03-16,5,E. Mee,Wales,Back Three,11.2,Back Three,80,0,48,1,0,0,0,0,0,0,0,0,6,0,0,1,0,0,11.0,13
988,2025-03-16,5,N. Smith,Wales,Prop,8.0,Prop,52,0,32,2,0,0,0,0,0,0,2,0,3,0,0,1,0,0,11.0,21
989,2025-03-16,5,D. Penaud,France,Back Three,18.8,Back Three,72,0,10,0,0,0,1,0,0,0,0,0,5,0,0,0,0,0,10.0,13
990,2025-03-16,5,B. Aki,Ireland,Centre,15.5,Subs,24,0,29,2,0,0,0,0,0,0,0,0,4,0,0,0,0,0,10.0,41
991,2025-03-16,5,A. Porter,Ireland,Prop,15.1,Prop,64,0,17,1,0,0,0,0,0,0,2,0,5,0,0,0,0,0,10.0,15
992,2025-03-16,5,O. Chessum,England,Second Row,13.9,Second Row,18,0,0,0,0,0,0,0,0,0,0,0,3,0,1,0,0,0,10.0,55
993,2025-03-16,5,R. Henshaw,Ireland,Centre,14.1,Centre,56,0,18,0,0,0,0,0,0,0,0,0,4,1,0,0,0,0,10.0,17
994,2025-03-16,5,S. Negri,Italy,Back Row,13.5,Back Row,29,0,8,0,0,0,0,0,0,0,2,0,8,0,0,0,0,0,10.0,34
995,2025-03-16,5,J. McCarthy,Ireland,Second Row,13.4,Subs,34,0,11,1,0,0,0,0,0,0,1,0,6,0,0,0,0,0,10.0,29
996,2025-03-16,5,A. Wainwright,Wales,Back Row,16.8,Back Row,80,0,39,1,0,0,0,0,0,0,2,0,2,0,0,0,0,0,9.0,11
997,2025-03-16,5,P. Boudehent,France,Back Row,13.9,Back Row,46,0,6,0,0,0,0,0,0,0,1,0,9,0,0,1,0,0,9.0,19
998,2025-03-16,5,E. Dee,Wales,Hooker,12.4,Hooker,41,0,19,0,0,0,0,0,0,0,1,0,8,0,0,1,0,0,9.0,21
999,2025-03-16,5,L. Cowan-Dickie,England,Hooker,12.2,Hooker,47,0,14,0,0,0,0,0,0,0,1,0,7,0,0,0,0,0,9.0,19
1000,2025-03-16,5,T. Allan,Italy,Fly-Half,11.9,Back Three,75,0,14,0,0,0,0,2,1,0,0,0,1,0,0,0,0,0,9.0,12
1001,2025-03-16,5,W. Rowlands,Wales,Second Row,11.5,Second Row,48,0,7,1,0,0,0,0,0,0,2,0,5,0,0,0,0,0,9.0,18
1002,2025-03-16,5,U. Atonio,France,Prop,11.0,Prop,44,0,4,0,0,0,0,0,0,0,1,0,3,1,0,0,0,0,9.0,20
1003,2025-03-16,5,M. Page-Relo,Italy,Scrum-Half,10.0,Scrum-Half,45,0,39,3,0,0,0,0,0,0,0,0,1,0,0,1,0,0,9.0,20
1004,2025-03-16,5,M. Spagnolo,Italy,Prop,8.2,Subs,24,0,4,0,0,0,0,0,0,0,2,0,7,0,0,0,0,0,9.0,37
1005,2025-03-16,5,J. Gibson-Park,Ireland,Scrum-Half,16.2,Scrum-Half,67,0,13,0,0,0,0,0,0,0,0,0,7,0,0,0,0,0,8.0,11
1006,2025-03-16,5,N. Tompkins,Wales,Centre,11.8,Subs,23,0,20,1,0,0,0,0,0,0,0,0,4,0,0,0,0,0,8.0,34
1007,2025-03-16,5,G. Anscombe,Wales,Fly-Half,12.2,Fly-Half,48,0,15,0,0,0,0,1,0,0,0,0,5,0,0,0,0,0,8.0,16
1008,2025-03-16,5,E. Meafou,France,Second Row,11.8,Subs,34,0,12,0,1,0,0,0,0,0,0,0,6,0,0,1,0,0,8.0,23
1009,2025-03-16,5,L. Marin,Italy,Fly-Half,8.5,Subs,5,0,36,2,0,0,0,0,0,0,0,0,1,0,0,0,0,0,8.0,160
1010,2025-03-16,5,T. Reffell,Wales,Back Row,17.1,Subs,28,0,4,2,0,0,0,0,0,0,0,0,3,0,0,0,0,0,7.0,25
1011,2025-03-16,5,J. Lowe,Ireland,Back Three,17.4,Back Three,80,0,54,1,0,0,0,0,0,0,0,0,0,0,0,0,0,0,7.0,8
1012,2025-03-16,5,M. Lamaro,Italy,Back Row,15.6,Subs,41,0,19,0,0,0,0,0,0,0,5,0,7,0,0,1,1,0,7.0,17
1013,2025-03-16,5,J. van der Flier,Ireland,Back Row,15.6,Back Row,52,0,0,0,1,0,0,0,0,0,2,0,3,0,0,0,0,0,7.0,13
1014,2025-03-16,5,C. Baille,France,Prop,13.6,Subs,34,0,10,0,0,0,0,0,0,0,0,0,6,0,0,0,0,0,7.0,20
1015,2025-03-16,5,T. Williams,Wales,Scrum-Half,11.1,Subs,63,0,0,0,0,0,1,0,0,0,0,0,3,0,0,0,0,0,7.0,11
1016,2025-03-16,5,J. Ryan,Ireland,Second Row,12.9,Second Row,46,0,10,0,0,0,0,0,0,0,2,0,4,0,0,0,0,0,7.0,15
1017,2025-03-16,5,J. van Poortvliet,England,Scrum-Half,11.9,Subs,13,0,10,0,1,0,1,0,0,0,0,0,0,0,0,0,0,0,7.0,53
1018,2025-03-16,5,K. Assiratti,Wales,Prop,8.3,Subs,40,0,24,0,1,0,0,0,0,0,1,0,3,0,0,1,0,0,7.0,17
1019,2025-03-16,5,P. O'Mahony,Ireland,Back Row,0.0,Unknown,28,0,20,0,0,0,0,0,0,0,1,0,3,0,0,0,0,0,6.0,21
1020,2025-03-16,5,T. Furlong,Ireland,Prop,11.1,Subs,34,0,1,0,0,0,0,0,0,0,1,0,5,0,0,0,0,0,6.0,17
1021,2025-03-16,5,J. Gros,France,Prop,10.9,Prop,37,0,24,0,0,0,0,0,0,0,1,0,8,0,0,0,1,0,6.0,16
1022,2025-03-16,5,G. McCarthy,Ireland,Hooker,8.8,Subs,9,0,4,0,0,0,0,0,0,0,1,0,5,0,0,0,0,0,6.0,66
1023,2025-03-16,5,G. Zilocchi,Italy,Prop,8.8,Subs,24,0,2,0,0,0,0,0,0,0,2,0,4,0,0,0,0,0,6.0,25
1024,2025-03-16,5,J. Boyle,Ireland,Prop,6.9,Subs,16,0,7,1,0,0,0,0,0,0,1,0,3,0,0,0,0,0,6.0,37
1025,2025-03-16,5,T. Williams,Wales,Second Row,0.0,Unknown,32,0,12,0,0,0,0,0,0,0,0,0,4,0,0,0,0,0,5.0,15
1026,2025-03-16,5,F. Baxter,England,Prop,10.0,Subs,17,0,4,0,0,0,0,0,0,0,2,0,3,0,0,0,0,0,5.0,29
1027,2025-03-16,5,D. Aldegheri,France,Prop,9.2,Subs,36,0,6,0,0,0,0,0,0,0,0,0,6,0,0,1,0,0,5.0,13
1028,2025-03-16,5,W. John,Wales,Prop,8.5,Prop,41,0,0,0,0,0,0,0,0,0,1,0,5,0,0,1,0,0,5.0,12
1029,2025-03-16,5,G. Thomas,Wales,Prop,12.0,Subs,28,0,7,0,0,0,0,0,0,0,0,0,6,0,0,2,0,0,4.0,14
1030,2025-03-16,5,R. Williams,Wales,Scrum-Half,9.0,Subs,17,0,0,0,0,0,0,0,0,0,0,0,4,0,0,0,0,0,4.0,23
1031,2025-03-16,5,D. Lamb,Italy,Second Row,8.2,Second Row,18,0,9,1,0,0,0,0,0,0,1,0,2,0,0,1,0,0,4.0,22
1032,2025-03-16,5,M. Sykes,Scotland,Second Row,7.6,Subs,22,0,10,0,0,0,0,0,0,0,0,0,3,0,0,0,0,0,4.0,18
1033,2025-03-16,5,R. Sutherland,Scotland,Prop,9.1,Subs,14,0,4,1,0,0,0,0,0,0,0,0,2,0,0,1,0,0,3.0,21
1034,2025-03-16,5,B. Muncaster,Scotland,Back Row,7.9,Subs,14,0,6,0,0,0,0,0,0,0,0,0,3,0,0,0,0,0,3.0,21
1035,2025-03-16,5,C. Murray,Ireland,Scrum-Half,11.2,Subs,13,0,0,0,0,0,0,0,0,0,0,0,2,0,0,0,0,0,2.0,15
1036,2025-03-16,5,J. Dobie,Scotland,Scrum-Half,10.8,Subs,14,0,11,0,0,0,0,0,0,0,0,0,1,0,0,0,0,0,2.0,14
1037,2025-03-16,5,H. Auradou,France,Second Row,8.5,Subs,6,0,6,1,0,0,0,0,0,0,0,0,0,0,0,0,0,0,2.0,33
1038,2025-03-16,5,S. Prendergast,Ireland,Fly-Half,14.4,Subs,16,0,2,0,0,0,0,0,0,0,0,0,1,0,0,0,0,0,1.0,6
1039,2025-03-16,5,N. Le Garrec,France,Scrum-Half,11.5,Subs,5,0,2,0,0,0,0,0,0,0,0,0,1,0,0,0,0,0,1.0,20
1040,2025-03-16,5,S. McDowall,Scotland,Centre,9.8,Subs,14,0,0,0,0,0,0,0,0,0,0,0,1,0,0,0,0,0,1.0,7
1041,2025-03-16,5,E. Johnson,Scotland,Second Row,0.0,Unknown,8,0,0,0,0,0,0,0,0,0,0,0,1,0,0,0,0,0,1.0,12
1043,2025-03-16,5,G. Nicotera,Italy,Hooker,13.4,Subs,11,0,3,0,0,0,0,0,0,0,1,0,1,0,0,1,1,0,-4.0,-36
1044,2025-03-16,5,R. Vintcent,Italy,Back Row,13.4,Subs,19,0,10,1,0,0,0,0,0,0,1,0,1,0,0,1,0,1,-4.0,-21
